,issue,component_path,commit,LOC_change,is_test,parent,tag_commit,date_commit,tag_parent,module,fail_component,package,index_bug
0,80,proposal\ftp2\src\java\org\apache\commons\net\ftp\ftp2\FTPFileIterator.java,12640f3bf048f99830e6fbb735adcc09cb078439,458,0,94b568cd130bc24e9bc1032e5b56850d26f2393d,NET_1_0_0,2002-05-03 14:52:30,NET_1_0_0,,org.apache.commons.net.ftp.ftp2.FTPFileIterator,org.apache.commons.net.ftp.ftp2,0
1,2,src\java\org\apache\commons\net\ftp\FTPFileIterator.java,5b79201e660fd48cfc8d9a659fb252e56d9bfff3,1579,0,85384fbbdce8b8a48625bb3cd34f4ebc4211b111,NET_1_1_0_rc1,2003-03-02 18:15:24,NET_1_1_0_rc1,,org.apache.commons.net.ftp.FTPFileIterator,org.apache.commons.net.ftp,1
2,200,src\java\org\apache\commons\net\ftp\FTPClient.java,44644826b0f39b8b6b1bb7c203dfab0a58fb3995,36,0,3ac1e43e80b3e5572345f0a9534d428d03e5f32d,NET_1_1_0_rc1,2003-07-29 02:43:40,NET_1_1_0_rc1,,org.apache.commons.net.ftp.FTPClient,org.apache.commons.net.ftp,2
3,5,src\java\org\apache\commons\net\ftp\parser\RegexFTPFileEntryParserImpl.java,2fca632ea5acd3b5151e3bf72810788908ec79f9,150,0,a430c93c3342fca04a165e54f482210927a40db4,NET_2_0_RC2,2006-08-25 21:03:10,NET_2_0_RC2,,org.apache.commons.net.ftp.parser.RegexFTPFileEntryParserImpl,org.apache.commons.net.ftp.parser,3
4,28,src\main\java\org\apache\commons\net\ftp\FTPSClient.java,2f6cce0a9de948b6b59c0dab22ee4b58c809fe6c,3692,0,8cf4a9ef1ce9d57153c839dc246c6f4ffe5b97da,NET_2_0_RC2,2006-08-26 12:09:50,NET_2_0_RC2,,org.apache.commons.net.ftp.FTPSClient,org.apache.commons.net.ftp,4
5,36,src\main\java\org\apache\commons\net\ftp\FTP.java,eb945ea4b8810c4a32f622b1bea7781079a3ab37,216,0,e97e359cf24ce802fc53307dae5f267bc2d23c2b,NET_2_0_RC2,2006-08-27 10:06:55,NET_2_0_RC2,,org.apache.commons.net.ftp.FTP,org.apache.commons.net.ftp,5
6,68,src\main\java\org\apache\commons\net\tftp\TFTPClient.java,4676f817b13db90735df8fb9e35304a7a75722f6,234,0,e321b9be6df156d9a705c084aded741e1ce1ba6f,NET_2_0_RC2,2006-11-11 16:09:00,NET_2_0_RC2,,org.apache.commons.net.tftp.TFTPClient,org.apache.commons.net.tftp,6
7,24,src\main\java\org\apache\commons\net\bsd\RCommandClient.java,5d1dc2b9a4bb19c5fbc38c271960be147ef22016,17,0,a7fb411ce58472825ec1df10282ad883cbd057ee,NET_2_0_RC2,2008-02-17 23:08:14,NET_2_0_RC2,,org.apache.commons.net.bsd.RCommandClient,org.apache.commons.net.bsd,7
8,178,src\main\java\org\apache\commons\net\smtp\SMTP.java,d26934447d0959f1cca83ef987f455b60675f711,216,0,5d1dc2b9a4bb19c5fbc38c271960be147ef22016,NET_2_0_RC2,2008-02-17 23:16:12,NET_2_0_RC2,,org.apache.commons.net.smtp.SMTP,org.apache.commons.net.smtp,8
9,182,src\main\java\org\apache\commons\net\ftp\parser\DefaultFTPFileEntryParserFactory.java,000e726af8464d94e7d02d307dde0e07e176d58c,87,0,41fcf52a10bf31693aae21df5776d051f282002b,NET_2_0_RC2,2008-02-18 00:22:53,NET_2_0_RC2,,org.apache.commons.net.ftp.parser.DefaultFTPFileEntryParserFactory,org.apache.commons.net.ftp.parser,9
10,161,src\java\org\apache\commons\net\tftp\TFTPClient.java,7556827f4d25275707a839ae2143a5c4afe169a3,263,0,eb254809443214cfdc139eb2ae46fc6ed9ce28bb,NET_1_5_0,2008-02-19 22:42:05,NET_1_5_0,,org.apache.commons.net.tftp.TFTPClient,org.apache.commons.net.tftp,10
12,148,src\main\java\org\apache\commons\net\ftp\FTP.java,a02430dbd4636baa43cd3d496a94c33c29cbedd4,220,0,ef5a226f03260e828bd14c0f08f57719338aa061,NET_2_0_RC2,2008-02-20 17:46:30,NET_2_0_RC2,,org.apache.commons.net.ftp.FTP,org.apache.commons.net.ftp,12
13,188,src\java\org\apache\commons\net\ftp\parser\FTPTimestampParserImpl.java,1ccf0989570645d9bb403a916324d07992c16b12,324,0,9c672b13b5a175c231ae17270331098998441fc9,NET_1_5_0,2008-03-02 20:29:07,NET_1_5_0,,org.apache.commons.net.ftp.parser.FTPTimestampParserImpl,org.apache.commons.net.ftp.parser,13
14,26,src\java\org\apache\commons\net\ftp\parser\FTPTimestampParserImpl.java,7e9b1a447f277ac07267710aa96f42cabf3b49b5,15,0,d9335291150e80cf27cca2dbce3096ea5c72ca6c,NET_1_5_0_RC1,2008-03-04 07:39:17,NET_1_5_0_RC1,,org.apache.commons.net.ftp.parser.FTPTimestampParserImpl,org.apache.commons.net.ftp.parser,14
15,73,src\java\org\apache\commons\net\telnet\TelnetInputStream.java,3c394cece81c20dce6747dc5512c25a82194b847,105,0,7e9b1a447f277ac07267710aa96f42cabf3b49b5,NET_1_5_0_RC1,2008-03-05 00:17:28,NET_1_5_0_RC1,,org.apache.commons.net.telnet.TelnetInputStream,org.apache.commons.net.telnet,15
16,198,src\main\java\org\apache\commons\net\ftp\parser\FTPTimestampParserImpl.java,32bab3e4ca532aceb5ec75fd93a4d6869fcfcfbe,116,0,571c9eac8a1471ad1a088e71e06a1a61a95e9646,NET_2_0_RC3,2008-03-08 17:12:34,NET_2_0_RC3,,org.apache.commons.net.ftp.parser.FTPTimestampParserImpl,org.apache.commons.net.ftp.parser,16
17,201,src\main\java\org\apache\commons\net\ftp\FTPClient.java,0dd2e79fbdf14f62db132a837f987fe38f831243,24,0,c42fdde73cba37e782673ae2310b9fdbc4f7c49e,NET_2_0_RC_3,2008-03-16 20:19:37,NET_2_0_RC_3,,org.apache.commons.net.ftp.FTPClient,org.apache.commons.net.ftp,17
18,206,src\java\org\apache\commons\net\tftp\TFTPRequestPacket.java,f4fab2c93bfb37dd183eb95b06d3551ac0b8c6f4,10,0,ae547484e78b0280dbbf314d10e0bb98a5e3ce87,NET_1_5_0_RC1,2008-04-06 22:38:00,NET_1_5_0_RC1,,org.apache.commons.net.tftp.TFTPRequestPacket,org.apache.commons.net.tftp,18
19,203,src\main\java\org\apache\commons\net\ftp\FTPSClient.java,efb89dd9f2f2c4961518f7a20b5c162ad86841f6,90,0,03d73d56148d078dd3aa93798b0706dc79b4d367,NET_2_0,2008-04-06 22:47:10,NET_2_0,,org.apache.commons.net.ftp.FTPSClient,org.apache.commons.net.ftp,19
20,195,src\main\java\org\apache\commons\net\ntp\NtpV3Impl.java,3687d9331a0002f7735dddf93fc0bc19939bf94a,75,0,efb89dd9f2f2c4961518f7a20b5c162ad86841f6,NET_2_0,2008-04-06 22:54:49,NET_2_0,,org.apache.commons.net.ntp.NtpV3Impl,org.apache.commons.net.ntp,20
21,197,src\java\org\apache\commons\net\ftp\FTPFileEntryParserImpl.java,104ff762285bf11ff4305f295d822cc79262eafb,10,0,84a574e82115eeeeed3d115f2a09d0a080b8c7c5,NET_1_5_0_RC1,2008-04-06 23:07:44,NET_1_5_0_RC1,,org.apache.commons.net.ftp.FTPFileEntryParserImpl,org.apache.commons.net.ftp,21
22,211,src\java\org\apache\commons\net\ftp\parser\FTPTimestampParserImpl.java,ce13bab451577512245b345bdf36ac95fd1c1666,50,0,30ac1c5e1279efc68f8bdcd58f5a521866247aa5,NET_1_5_0_RC1,2008-04-07 09:52:44,NET_1_5_0_RC1,,org.apache.commons.net.ftp.parser.FTPTimestampParserImpl,org.apache.commons.net.ftp.parser,22
23,213,src\main\java\org\apache\commons\net\io\FromNetASCIIInputStream.java,e8f3ebfdf487f1e70f06b8bd990e0400542137da,104,0,42bd8f0cae981b40ee86b10d1abc02258b421791,NET_2_0,2008-04-08 16:45:59,NET_2_0,,org.apache.commons.net.io.FromNetASCIIInputStream,org.apache.commons.net.io,23
24,216,src\main\java\org\apache\commons\net\ftp\FTPSClient.java,8f28a93ab1933356496a2fce1d7a6cd39a0dca50,194,0,f06c2236c17b076666332e38f109f4cc766fe717,NET_2_0,2008-04-27 22:08:53,NET_2_0,,org.apache.commons.net.ftp.FTPSClient,org.apache.commons.net.ftp,24
25,194,src\java\org\apache\commons\net\telnet\Telnet.java,46c188e2a222fe567926cd5c9291855238622ee5,958,0,f1d01733afd2ac615d754991b94bb93492e85502,NET_1_5_0_RC1,2008-05-16 17:31:27,NET_1_5_0_RC1,,org.apache.commons.net.telnet.Telnet,org.apache.commons.net.telnet,25
26,208,src\java\org\apache\commons\net\telnet\TelnetInputStream.java,bb1c0319a76d08ee028ef792064aa5f92fcee0ec,10,0,2c04d921c6b50ffa3c69b4906f186a4626bc03c8,NET_1_5_0_RC1,2008-05-16 21:35:12,NET_1_5_0_RC1,,org.apache.commons.net.telnet.TelnetInputStream,org.apache.commons.net.telnet,26
27,221,src\main\java\org\apache\commons\net\ftp\FTPReply.java,6e859c18a1c624fca140c636658df191a9ef8cb0,92,0,77faa7b0d97f026be079d83c04dad7fcee27a1b3,NET_2_0,2008-05-19 21:30:25,NET_2_0,,org.apache.commons.net.ftp.FTPReply,org.apache.commons.net.ftp,27
28,223,src\main\java\org\apache\commons\net\ftp\FTPClient.java,58f702c8619ed0a071d9a5da6c193c3be1ca39dd,54,0,b30d6460ed1e7cf69172eac2b05eaf67dbcb6351,NET_2_0,2008-06-19 12:10:33,NET_2_0,,org.apache.commons.net.ftp.FTPClient,org.apache.commons.net.ftp,28
29,230,src\java\org\apache\commons\net\ftp\FTPClientConfig.java,ad68413e363e51af7259d0fd3c69d5ba2974f590,40,0,a3b42c1a0d76d8f492ba31395129c508dd8e90d8,NET_1_5_0_RC1,2008-08-15 18:16:59,NET_1_5_0_RC1,,org.apache.commons.net.ftp.FTPClientConfig,org.apache.commons.net.ftp,29
30,225,src\java\org\apache\commons\net\ftp\FTPFileEntryParserImpl.java,f4509e7fff01493c2f1683c1ef0b9cbbcf3b4c09,12,0,ad68413e363e51af7259d0fd3c69d5ba2974f590,NET_1_5_0_RC1,2008-08-15 19:02:19,NET_1_5_0_RC1,,org.apache.commons.net.ftp.FTPFileEntryParserImpl,org.apache.commons.net.ftp,30
31,250,src\main\java\org\apache\commons\net\ftp\parser\DefaultFTPFileEntryParserFactory.java,1bf311737d015ac4ef840d75dd97964b9373aa19,45,0,8a2c79cbe16865c44a1bfa6b9877b1b67913b102,NET_2_1_RC1,2009-02-05 00:25:57,NET_2_1_RC1,,org.apache.commons.net.ftp.parser.DefaultFTPFileEntryParserFactory,org.apache.commons.net.ftp.parser,31
32,248,src\main\java\org\apache\commons\net\ftp\FTPCommand.java,11822e984d6a055c39b5051477ad667c37fa2237,10,0,1bf311737d015ac4ef840d75dd97964b9373aa19,NET_2_1_RC1,2009-02-05 00:39:30,NET_2_1_RC1,,org.apache.commons.net.ftp.FTPCommand,org.apache.commons.net.ftp,32
33,242,src\main\java\org\apache\commons\net\ftp\FTPSServerSocketFactory.java,a4244f86bdafafb60f7fb63ced991a105d65f611,225,0,e55d11446fa3a268a5653aa82d51fec2cf4cfbfc,NET_2_1_RC1,2009-02-05 00:55:56,NET_2_1_RC1,,org.apache.commons.net.ftp.FTPSServerSocketFactory,org.apache.commons.net.ftp,33
34,236,src\main\java\org\apache\commons\net\util\SubnetUtils.java,092aa892f11cb28324dcb0b57f19a220a8e65285,24,0,a4244f86bdafafb60f7fb63ced991a105d65f611,NET_2_1_RC1,2009-02-05 01:11:02,NET_2_1_RC1,,org.apache.commons.net.util.SubnetUtils,org.apache.commons.net.util,34
35,232,src\java\org\apache\commons\net\telnet\TelnetClient.java,4705df354608830db5d53e6dfb476b2b032e886c,36,0,be5af473dca0fd652be1637d824d0baebb492947,NET_1_5_0_RC3,2009-02-05 18:18:21,NET_1_5_0_RC2,,org.apache.commons.net.telnet.TelnetClient,org.apache.commons.net.telnet,35
36,522,src\main\java\org\apache\commons\net\ftp\FTPSClient.java,a7ceb1a4d117e97c960e423e19a7c5e2c87bae32,292,0,c2fa6a528252a69b290b09fa35d337ee8ec7b8bd,NET_2_1_RC1,2009-02-07 11:05:43,NET_2_1_RC1,,org.apache.commons.net.ftp.FTPSClient,org.apache.commons.net.ftp,36
37,257,src\main\java\org\apache\commons\net\ftp\FTP.java,ad1a51f03abbe85c6648c1b94d9ca440cb1d6966,25,0,a4890ef33ef2ed94d04b1694fab8836574d35d77,NET_2_1_RC1,2009-02-19 17:11:30,NET_2_1_RC1,,org.apache.commons.net.ftp.FTP,org.apache.commons.net.ftp,37
38,259,src\main\java\org\apache\commons\net\ftp\parser\UnixFTPEntryParser.java,ddd40b701b587c73c51d6b25e5a7422e622ff765,8,0,0a0a8eb0dc118f60ac7d9ee2953a2a756aba1f4f,NET_2_1_RC1,2009-03-19 21:36:02,NET_2_1_RC1,,org.apache.commons.net.ftp.parser.UnixFTPEntryParser,org.apache.commons.net.ftp.parser,38
39,265,src\main\java\org\apache\commons\net\ftp\parser\UnixFTPEntryParser.java,3687706250eede3c6f1906a3011d5adc9ea2a216,16,0,ddd40b701b587c73c51d6b25e5a7422e622ff765,NET_2_1_RC1,2009-03-19 22:00:45,NET_2_1_RC1,,org.apache.commons.net.ftp.parser.UnixFTPEntryParser,org.apache.commons.net.ftp.parser,39
41,261,src\main\java\org\apache\commons\net\util\SubnetUtils.java,b8bc7f83cf3123de1440fd48c65158176132b334,88,0,6655daf3f8eaf1392a27dccbf0846d2a79e33616,NET_2_1_RC1,2009-04-04 18:46:23,NET_2_1_RC1,,org.apache.commons.net.util.SubnetUtils,org.apache.commons.net.util,41
42,274,src\main\java\org\apache\commons\net\ftp\FTPSClient.java,a29009716c694f44b5469735268f3397b57e0612,37,0,44cec10c8d2683429a48565072098a89426ed27f,NET_2_1_RC1,2009-04-23 03:23:57,NET_2_1_RC1,,org.apache.commons.net.ftp.FTPSClient,org.apache.commons.net.ftp,42
43,275,src\main\java\org\apache\commons\net\ftp\FTPClient.java,9d2d25e620cb4f0d2091f1639fcce53b2584c5c2,30,0,a29009716c694f44b5469735268f3397b57e0612,NET_2_1_RC1,2009-04-25 21:25:26,NET_2_1_RC1,,org.apache.commons.net.ftp.FTPClient,org.apache.commons.net.ftp,43
44,277,src\main\java\org\apache\commons\net\nntp\NNTPReply.java,79a19d63165db326c918a9cb96c9f55f96fce359,17,0,7ddf77b60a9f65925d166a5e8b6fa2a7aeff6156,NET_2_1_RC1,2009-05-05 12:20:48,NET_2_1_RC1,,org.apache.commons.net.nntp.NNTPReply,org.apache.commons.net.nntp,44
45,279,src\main\java\org\apache\commons\net\smtp\SMTP.java,5eaac875d5c9e4100ed92c72c7176c524ecdf01f,25,0,3141ea465ed0e8df367bc0a470486b30d3efffdb,NET_2_1_RC1,2009-06-02 21:17:05,NET_2_1_RC1,,org.apache.commons.net.smtp.SMTP,org.apache.commons.net.smtp,45
46,294,src\java\org\apache\commons\net\ftp\parser\UnixFTPEntryParser.java,a8da84c614ba6e6e87c6c91e0c426ddfec2766a2,97,0,bf06da2dc19754c501c23d83317686903c0fb0c9,commons-net-2.2RC1,2009-09-14 00:33:44,NET_1_5_0_RC3,,org.apache.commons.net.ftp.parser.UnixFTPEntryParser,org.apache.commons.net.ftp.parser,46
47,300,src\main\java\org\apache\commons\net\ftp\FTPClient.java,cc8870db1014308fb6f426aa72ae697e25a6a199,90,0,8b7d2897c8997b294d34fde8c16d954f9669ba36,NET_2_1_RC_4,2010-03-08 06:14:46,NET_2_1_RC_4,,org.apache.commons.net.ftp.FTPClient,org.apache.commons.net.ftp,47
48,305,src\main\java\org\apache\commons\net\util\SubnetUtils.java,af63187f263d9926c564078d15eac90feae0159d,135,0,cc8870db1014308fb6f426aa72ae697e25a6a199,NET_2_1_RC_4,2010-03-08 08:53:34,NET_2_1_RC_4,,org.apache.commons.net.util.SubnetUtils,org.apache.commons.net.util,48
49,290,src\main\java\org\apache\commons\net\io\DotTerminatedMessageReader.java,1382c2c056507a001a189872ea72b47ccb70f5df,17,0,8b1b7fd195403b6e35fb54f78d094d691d90e480,NET_2_1_RC_4,2010-03-08 10:17:43,NET_2_1_RC_4,,org.apache.commons.net.io.DotTerminatedMessageReader,org.apache.commons.net.io,49
50,264,src\main\java\org\apache\commons\net\telnet\Telnet.java,baec3f0f99abd5d3f4f1d6b033aba0e39b323241,106,0,b60e513e40d6b7464f33f1dc9127142d7c887373,commons-net-2.2RC1,2010-05-11 00:05:11,commons-net-2.2RC1,,org.apache.commons.net.telnet.Telnet,org.apache.commons.net.telnet,50
51,302,src\main\java\org\apache\commons\net\ftp\FTPClient.java,b94a9e981799af5cd9856e63204c8f3b7b7e1555,80,0,baec3f0f99abd5d3f4f1d6b033aba0e39b323241,commons-net-2.2RC1,2010-05-11 00:38:21,commons-net-2.2RC1,,org.apache.commons.net.ftp.FTPClient,org.apache.commons.net.ftp,51
52,1,src\main\java\org\apache\commons\net\telnet\TelnetInputStream.java,444d7f13d36b3bb19321bbd0c5cd39f280228eb0,213,0,dec6c1a347d7521976d7205ccc1910780f6879fa,commons-net-2.2RC1,2010-07-11 14:24:19,commons-net-2.2RC1,,org.apache.commons.net.telnet.TelnetInputStream,org.apache.commons.net.telnet,52
53,180,src\main\java\org\apache\commons\net\telnet\Telnet.java,a68542f4bcbf6d986a5eb62b3584230556c95bb5,97,0,444d7f13d36b3bb19321bbd0c5cd39f280228eb0,commons-net-2.2RC1,2010-07-11 22:00:50,commons-net-2.2RC1,,org.apache.commons.net.telnet.Telnet,org.apache.commons.net.telnet,53
54,328,src\main\java\org\apache\commons\net\io\FromNetASCIIInputStream.java,9de4928a1860c043a8aec6a7bdf150650a33632f,35,0,a213b442caa69bf5902c11e8545e11acfee6bf4a,commons-net-2.2RC1,2010-07-11 23:15:47,commons-net-2.2RC1,,org.apache.commons.net.io.FromNetASCIIInputStream,org.apache.commons.net.io,54
55,313,src\main\java\org\apache\commons\net\ftp\FTPClient.java,045baf90953dda495c94258b5d3b2c835e9950e1,433,0,906377e8d7b9c0361e902d28ff728e5398dbe379,commons-net-2.2RC1,2010-07-12 16:19:48,commons-net-2.2RC1,,org.apache.commons.net.ftp.FTPClient,org.apache.commons.net.ftp,55
56,291,src\main\java\org\apache\commons\net\ftp\FTPClient.java,f310f6ae6f2bec8239289fb6bcc1a9382929168c,55,0,bd4ebb482172e656ce008f94d169170f58753cae,commons-net-2.2RC1,2010-07-12 17:22:13,commons-net-2.2RC1,,org.apache.commons.net.ftp.FTPClient,org.apache.commons.net.ftp,56
57,341,src\main\java\org\apache\commons\net\ftp\FTPClient.java,895ffae05ffa20b661e0d189d03beb9d20eea165,12,0,ed18f4f95c55e7cab56868ebbf712d17f397bda6,commons-net-2.2RC1,2010-10-15 09:06:06,commons-net-2.2RC1,,org.apache.commons.net.ftp.FTPClient,org.apache.commons.net.ftp,57
58,339,src\main\java\org\apache\commons\net\ftp\parser\NTFTPEntryParser.java,c73d661f30f04065c0375ddccf46e1404b7b289c,98,0,895ffae05ffa20b661e0d189d03beb9d20eea165,commons-net-2.2RC1,2010-10-15 09:35:10,commons-net-2.2RC1,,org.apache.commons.net.ftp.parser.NTFTPEntryParser,org.apache.commons.net.ftp.parser,58
59,334,src\main\java\org\apache\commons\net\io\FromNetASCIIInputStream.java,c4786e75f22050e5716072b2ce53463c87a076d0,22,0,b48666a3fb4e4a618d6ca574597a677397e20c9d,commons-net-2.2RC1,2010-10-15 12:46:25,commons-net-2.2RC1,,org.apache.commons.net.io.FromNetASCIIInputStream,org.apache.commons.net.io,59
60,351,src\main\java\org\apache\commons\net\pop3\POP3Client.java,b9b9bae63e08432f620abd1c0e35abf662a6008d,35,0,770e70fb97f60872defd5f6be3f150423fc59975,commons-net-3.0-RC1,2011-01-31 18:20:55,commons-net-3.0-RC1,,org.apache.commons.net.pop3.POP3Client,org.apache.commons.net.pop3,60
62,359,src\main\java\org\apache\commons\net\io\CopyStreamAdapter.java,3ce46ae21184aeb703468a3e1628b8de006fde02,68,0,b6916b6bbbdf23d0b24d273e4693cc19e1d73080,commons-net-3.0-RC1,2011-02-22 02:23:12,commons-net-3.0-RC1,,org.apache.commons.net.io.CopyStreamAdapter,org.apache.commons.net.io,62
63,360,src\main\java\org\apache\commons\net\ftp\parser\DefaultFTPFileEntryParserFactory.java,c702d38a6e54c9c949d45b85f34db398c21d866a,663,0,453f9b3b9672c1f3f6ffb8ad08de661ec44c3ab7,commons-net-3.0-RC1,2011-02-25 19:04:14,commons-net-3.0-RC1,,org.apache.commons.net.ftp.parser.DefaultFTPFileEntryParserFactory,org.apache.commons.net.ftp.parser,63
64,303,src\main\java\org\apache\commons\net\ftp\FTPFileEntryParser.java,4af259d5796dd0d5596b133016a6eefada6e078b,116,0,b0c51fd8ba7e811c68c5bb4fa8ffe121f3c2c382,commons-net-3.0-RC1,2011-02-26 02:48:01,commons-net-3.0-RC1,,org.apache.commons.net.ftp.FTPFileEntryParser,org.apache.commons.net.ftp,64
65,330,src\main\java\org\apache\commons\net\ftp\parser\VMSFTPEntryParser.java,babcf3132e471875ca53d25215a0a7af605967df,137,0,4af259d5796dd0d5596b133016a6eefada6e078b,commons-net-3.0-RC1,2011-02-26 03:24:59,commons-net-3.0-RC1,,org.apache.commons.net.ftp.parser.VMSFTPEntryParser,org.apache.commons.net.ftp.parser,65
66,317,src\main\java\org\apache\commons\net\pop3\POP3MessageInfo.java,ff71403dac8ae5b60b53f976d94afb728d514182,28,0,ce3d7fe461b06eac6cee86da320592766c3ea08e,commons-net-3.0-RC1,2011-02-27 02:45:37,commons-net-3.0-RC1,,org.apache.commons.net.pop3.POP3MessageInfo,org.apache.commons.net.pop3,66
67,289,src\main\java\org\apache\commons\net\nntp\Threader.java,ee34b1dc39e3dee7a4157d2f812b456212f66c9b,10,0,ff71403dac8ae5b60b53f976d94afb728d514182,commons-net-3.0-RC1,2011-02-27 03:28:50,commons-net-3.0-RC1,,org.apache.commons.net.nntp.Threader,org.apache.commons.net.nntp,67
68,345,src\main\java\org\apache\commons\net\telnet\Telnet.java,9fc7e85de43213ae797b27dea5005c0cd58a943d,93,0,be00bd6b4c44e26afc972bd0ab196b1b59eb770f,commons-net-3.0-RC1,2011-03-03 01:26:16,commons-net-3.0-RC1,,org.apache.commons.net.telnet.Telnet,org.apache.commons.net.telnet,68
69,348,src\main\java\org\apache\commons\net\telnet\TelnetInputStream.java,4b95006a95ba1c4b756c0dfaab8b5a9ab43f3e6d,15,0,f95281525da7eaaf8565afa4e5c72fb33f17e59d,commons-net-3.0-RC1,2011-03-03 13:45:01,commons-net-3.0-RC1,,org.apache.commons.net.telnet.TelnetInputStream,org.apache.commons.net.telnet,69
70,363,src\main\java\org\apache\commons\net\ftp\FTPClient.java,03da017dfc0a0a033c9f9cbb07f40df2f7024070,175,0,6986685e30874e009b537da8db5cceeee831020e,commons-net-3.0-RC1,2011-03-05 21:05:41,commons-net-3.0-RC1,,org.apache.commons.net.ftp.FTPClient,org.apache.commons.net.ftp,70
71,364,src\main\java\org\apache\commons\net\nntp\Article.java,1226cb414d62e0f7f9b2433fd8f6a839f9208594,153,0,4e9bd7f4681f6cd5efcb00f0360c0c3c2a5e8a91,commons-net-3.0-RC1,2011-03-08 22:22:04,commons-net-3.0-RC1,,org.apache.commons.net.nntp.Article,org.apache.commons.net.nntp,71
72,185,src\main\java\org\apache\commons\net\nntp\Threader.java,4637434691d853d013daac0af1374cfcda3de031,34,0,c71eb0cb6c0bca9f6bec144505f78c8f1e639013,commons-net-3.0-RC1,2011-03-08 23:35:21,commons-net-3.0-RC1,,org.apache.commons.net.nntp.Threader,org.apache.commons.net.nntp,72
73,276,src\main\java\org\apache\commons\net\nntp\NNTPClient.java,8dbb4478ddaae61c259b9e0a2328f3d0416eaf67,128,0,e00bc823c9a81c009057a6348d842243230cb7c6,commons-net-3.0-RC1,2011-03-09 01:16:02,commons-net-3.0-RC1,,org.apache.commons.net.nntp.NNTPClient,org.apache.commons.net.nntp,73
74,366,src\main\java\org\apache\commons\net\ftp\parser\DefaultFTPFileEntryParserFactory.java,ee0a6a094b212a4ca688f167bf9229601b52df8f,195,0,8dbb4478ddaae61c259b9e0a2328f3d0416eaf67,commons-net-3.0-RC1,2011-03-09 12:00:43,commons-net-3.0-RC1,,org.apache.commons.net.ftp.parser.DefaultFTPFileEntryParserFactory,org.apache.commons.net.ftp.parser,74
75,365,src\main\java\org\apache\commons\net\ftp\parser\UnixFTPEntryParser.java,92a49d9f04650358740bdc854022ddc918f9a8a9,24,0,ee0a6a094b212a4ca688f167bf9229601b52df8f,commons-net-3.0-RC1,2011-03-10 01:03:44,commons-net-3.0-RC1,,org.apache.commons.net.ftp.parser.UnixFTPEntryParser,org.apache.commons.net.ftp.parser,75
76,350,src\main\java\org\apache\commons\net\SocketClient.java,bc0f9d2ea697d21ff85d7ff5267b8a77bdb03df5,172,0,7bba666b88d80afbc2d63ca28a13f9dee4b6539f,commons-net-3.0-RC1,2011-03-10 02:30:07,commons-net-3.0-RC1,,org.apache.commons.net.SocketClient,org.apache.commons.net,76
77,327,src\main\java\org\apache\commons\net\ftp\FTPSClient.java,a009b96b6a39744e6c02ea036f1719ae74935424,130,0,e6f32804ec4d841fa3de29ee1d8267e52b453303,commons-net-3.0-RC1,2011-03-10 16:36:48,commons-net-3.0-RC1,,org.apache.commons.net.ftp.FTPSClient,org.apache.commons.net.ftp,77
78,354,src\main\java\org\apache\commons\net\ftp\FTPSClient.java,1f5b8095272bd0516f8a1d352a0a6eaa00d7e096,20,0,e5e8ec48f73b27b17dc60daaf184d481738f1fba,commons-net-3.0-RC1,2011-03-13 00:33:59,commons-net-3.0-RC1,,org.apache.commons.net.ftp.FTPSClient,org.apache.commons.net.ftp,78
79,372,src\main\java\org\apache\commons\net\ftp\FTPSClient.java,2294b22f2a3675c47d6d69c1b4071adfc6be2cd0,35,0,602a7e915c8a585c2beb7c026fe21b88dad1c8f0,commons-net-3.0-RC1,2011-03-13 18:12:48,commons-net-3.0-RC1,,org.apache.commons.net.ftp.FTPSClient,org.apache.commons.net.ftp,79
80,377,src\main\java\org\apache\commons\net\ftp\FTPClient.java,48a4d8212d4adcc3ac1de986e2abb0d36b931c86,12,0,5b470174edcf743bf152b66e208592289f559c10,commons-net-3.0-RC1,2011-03-17 15:41:56,commons-net-3.0-RC1,,org.apache.commons.net.ftp.FTPClient,org.apache.commons.net.ftp,80
81,89,src\main\java\org\apache\commons\net\telnet\TelnetClient.java,ad39cce40fb518021ec1b7b11af61fb4328ff357,73,0,5b366f24f6169676c625bcdc2b5ca87aae13f915,commons-net-3.0-RC1,2011-03-22 17:16:08,commons-net-3.0-RC1,,org.apache.commons.net.telnet.TelnetClient,org.apache.commons.net.telnet,81
82,362,src\main\java\org\apache\commons\net\telnet\TelnetInputStream.java,c55f56d6459fc8c8a9a0df19cba54b3f8ca93de4,20,0,ad39cce40fb518021ec1b7b11af61fb4328ff357,commons-net-3.0-RC1,2011-03-22 17:22:48,commons-net-3.0-RC1,,org.apache.commons.net.telnet.TelnetInputStream,org.apache.commons.net.telnet,82
83,388,src\main\java\org\apache\commons\net\ftp\parser\VMSVersioningFTPEntryParser.java,68bcc154c4ee05771538a8ff466e087b3072f06c,7,0,c55f56d6459fc8c8a9a0df19cba54b3f8ca93de4,commons-net-3.0-RC1,2011-03-22 22:23:35,commons-net-3.0-RC1,,org.apache.commons.net.ftp.parser.VMSVersioningFTPEntryParser,org.apache.commons.net.ftp.parser,83
84,367,src\main\java\org\apache\commons\net\ntp\TimeStamp.java,33caf19f30fd1060d3cf0b863ebf24fc3327211b,199,0,ab23ea19ca6d7498c00ae3cad930474a0de2a008,commons-net-3.0-RC1,2011-03-22 22:39:08,commons-net-3.0-RC1,,org.apache.commons.net.ntp.TimeStamp,org.apache.commons.net.ntp,84
85,369,src\main\java\org\apache\commons\net\nntp\Article.java,90ccc18509a354a05768f1c82051b4096fd5a954,58,0,33caf19f30fd1060d3cf0b863ebf24fc3327211b,commons-net-3.0-RC1,2011-03-22 22:43:59,commons-net-3.0-RC1,,org.apache.commons.net.nntp.Article,org.apache.commons.net.nntp,85
86,268,src\main\java\org\apache\commons\net\util\SubnetUtils.java,46c9b97454b17150b3ee7b2de973eae4aed8522a,178,0,2b248a62e4148b5f92ec7c8d10a7eac1184bb015,commons-net-3.0-RC1,2011-03-31 01:36:51,commons-net-3.0-RC1,,org.apache.commons.net.util.SubnetUtils,org.apache.commons.net.util,86
87,397,src\main\java\org\apache\commons\net\ftp\FTPSClient.java,9faf79c90ce0b4e6d8acdd6b8bfe5fd5fc7bae9f,1022,0,5f84f0a17b60395026b8600861c70733ff63071c,commons-net-3.0-RC1,2011-03-31 23:35:11,commons-net-3.0-RC1,,org.apache.commons.net.ftp.FTPSClient,org.apache.commons.net.ftp,87
88,401,src\main\java\org\apache\commons\net\ftp\FTP.java,1fa1b9ec8b48e6a3e69a2629b051927bd70305c8,14,0,4ed4690452877ffd028f3a61425191bc3f82f5f7,commons-net-3.0-RC1,2011-04-05 21:54:24,commons-net-3.0-RC1,,org.apache.commons.net.ftp.FTP,org.apache.commons.net.ftp,88
89,402,src\main\java\org\apache\commons\net\imap\IMAPSClient.java,1eaa52321395b5f58cbaf6caa27f2bec6f2fe406,14,0,4d43ad4001c5196e5cde5b7c009bf57fec1b64da,commons-net-3.0-RC1,2011-04-05 22:06:07,commons-net-3.0-RC1,,org.apache.commons.net.imap.IMAPSClient,org.apache.commons.net.imap,89
90,399,src\main\java\org\apache\commons\net\ftp\FTPClient.java,f362322ddb6f3ed05cbb8427f8e3dd2e568bbde4,19,0,2f51bef387030f95be40cf3645b8fead45dde008,commons-net-3.0-RC1,2011-04-05 22:22:22,commons-net-3.0-RC1,,org.apache.commons.net.ftp.FTPClient,org.apache.commons.net.ftp,90
91,396,src\main\java\org\apache\commons\net\pop3\POP3.java,1b140680b6dc855ddc664b889f4e03928d3b03fb,105,0,36d066c37a07a4e5e779c318fe3965924831ee0b,NET_3_0_RC3,2011-04-12 19:00:07,NET_3_0_RC3,,org.apache.commons.net.pop3.POP3,org.apache.commons.net.pop3,91
92,404,src\main\java\org\apache\commons\net\ftp\FTPSSocketFactory.java,0e3a5bf9d1fd57895bf1ada985ecc800f5261838,26,0,87ae91b48a06288678f98c4986af5114c223aae0,NET_3_0_RC3,2011-04-12 23:39:11,NET_3_0_RC3,,org.apache.commons.net.ftp.FTPSSocketFactory,org.apache.commons.net.ftp,92
93,409,src\main\java\org\apache\commons\net\ftp\FTPClient.java,11f725ec69d1aedc1302f50609c8a49d52fefc6d,40,0,1f22cb625c2b4a084258f816961153e0951c9e2b,NET_3_0_1RC1,2011-05-23 19:52:37,NET_3_0_1RC1,,org.apache.commons.net.ftp.FTPClient,org.apache.commons.net.ftp,93
94,421,src\main\java\org\apache\commons\net\smtp\SMTPSClient.java,432510450e21779226669b40d0b3531baaf8e27b,43,0,9c704fb6de46b9eac6d8f2385a8794458a16af04,NET_3_1_RC2,2011-08-30 14:48:15,NET_3_1_RC2,,org.apache.commons.net.smtp.SMTPSClient,org.apache.commons.net.smtp,94
95,428,src\main\java\org\apache\commons\net\util\SubnetUtils.java,5278cd419abc3ccaabc352ba67631b1985eb4bed,30,0,432510450e21779226669b40d0b3531baaf8e27b,NET_3_1_RC2,2011-11-01 14:13:54,NET_3_1_RC2,,org.apache.commons.net.util.SubnetUtils,org.apache.commons.net.util,95
96,434,src\main\java\org\apache\commons\net\ftp\FTPClient.java,ba75ed23264fdc913f7007323d6ca728bc3a712e,335,0,addf9529dd35a7a01b3baee7472736dcff28d294,NET_3_1_RC2,2012-01-05 18:55:03,NET_3_1_RC2,,org.apache.commons.net.ftp.FTPClient,org.apache.commons.net.ftp,96
97,430,src\main\java\org\apache\commons\net\pop3\POP3.java,8215881d49fc1a5478b1a30518bbe2b2e90830d6,96,0,ba75ed23264fdc913f7007323d6ca728bc3a712e,NET_3_1_RC2,2012-01-05 19:07:55,NET_3_1_RC2,,org.apache.commons.net.pop3.POP3,org.apache.commons.net.pop3,97
98,423,src\main\java\org\apache\commons\net\ftp\FTPClient.java,31ca60623ff48b6b4563ee81901486277610c34b,44,0,3f56c7abbd2d0257260d2c4a1af458273b4e3425,NET_3_1_RC2,2012-01-05 22:04:17,NET_3_1_RC2,,org.apache.commons.net.ftp.FTPClient,org.apache.commons.net.ftp,98
99,422,src\main\java\org\apache\commons\net\ftp\FTPHTTPClient.java,d0af24cdff2aecc9c63affbb395759d8ab44aee4,543,0,720442a947bdb0c49bfaf6788059b274dd6d0edb,NET_3_1_RC2,2012-01-07 00:30:39,NET_3_1_RC2,,org.apache.commons.net.ftp.FTPHTTPClient,org.apache.commons.net.ftp,99
100,437,src\main\java\org\apache\commons\net\telnet\TelnetInputStream.java,c266a88173dd8d12da5519f0b4f114e9441e92d6,10,0,c8dc878a01645f13059f9504ea64014f28441552,NET_3_1_RC2,2012-01-10 14:44:25,NET_3_1_RC2,,org.apache.commons.net.telnet.TelnetInputStream,org.apache.commons.net.telnet,100
101,410,src\main\java\org\apache\commons\net\tftp\TFTPClient.java,760661dfd35d3c51f4aaddf914b32223787ad0c7,40,0,ed22efa425b044aa72e1d80ede10d3be49951a30,NET_3_1_RC2,2012-01-10 19:14:47,NET_3_1_RC2,,org.apache.commons.net.tftp.TFTPClient,org.apache.commons.net.tftp,101
102,412,src\main\java\org\apache\commons\net\tftp\TFTPClient.java,b5ac3314309acc4cded8f65cf50adeb7a1c13f95,17,0,760661dfd35d3c51f4aaddf914b32223787ad0c7,NET_3_1_RC2,2012-01-10 19:19:35,NET_3_1_RC2,,org.apache.commons.net.tftp.TFTPClient,org.apache.commons.net.tftp,102
103,440,src\main\java\org\apache\commons\net\ftp\FTPClient.java,4f21d978fbfa17f550d1b5e47c9c83c24e7f34fa,118,0,27f5161b1cfcaf5b8a76e7d829e2a16e6a79755b,NET_3_1_RC2,2012-02-07 02:55:24,NET_3_1_RC2,,org.apache.commons.net.ftp.FTPClient,org.apache.commons.net.ftp,103
104,441,src\main\java\org\apache\commons\net\ftp\FTPClient.java,5a1999f11206fa2907921412448b98be342010f1,36,0,4f21d978fbfa17f550d1b5e47c9c83c24e7f34fa,NET_3_1_RC2,2012-02-10 23:31:34,NET_3_1_RC2,,org.apache.commons.net.ftp.FTPClient,org.apache.commons.net.ftp,104
105,444,src\main\java\org\apache\commons\net\ftp\parser\FTPTimestampParserImpl.java,4593db5c235bf26cd90f4595b6c82ff16ae99149,378,0,9531037d109dcd6a08f6dab785e2854694a84bc7,NET_3_1_RC1,2012-02-29 01:07:22,NET_3_1_RC1,,org.apache.commons.net.ftp.parser.FTPTimestampParserImpl,org.apache.commons.net.ftp.parser,105
106,442,src\main\java\org\apache\commons\net\ftp\FTPClient.java,d8bbd2f6cb457e84429ef13425851beb272a09af,145,0,ac306ed984bc863a37731a1cb73c415b7658a7e9,NET_3_1_RC1,2012-03-02 19:48:42,NET_3_1_RC1,,org.apache.commons.net.ftp.FTPClient,org.apache.commons.net.ftp,106
107,448,src\main\java\org\apache\commons\net\ftp\FTPSClient.java,b824ae8b74ab93fb2887bee202251a88fd804a77,95,0,d8bbd2f6cb457e84429ef13425851beb272a09af,NET_3_1_RC1,2012-03-05 15:24:48,NET_3_1_RC1,,org.apache.commons.net.ftp.FTPSClient,org.apache.commons.net.ftp,107
108,450,src\main\java\org\apache\commons\net\ftp\FTPClient.java,f6517101f46aaf05d4c25bcfa95b887ce7f9c2ec,10,0,05c7e67c441d5c493892debc413334d9f8efcd56,NET_3_1_RC1,2012-03-23 18:03:52,NET_3_1_RC1,,org.apache.commons.net.ftp.FTPClient,org.apache.commons.net.ftp,108
109,458,src\main\java\org\apache\commons\net\ftp\parser\MVSFTPEntryParser.java,a62d38cd071e90b8daf726bda1b8a0ee7f3352bb,10,0,c8ee971720d62a4d4461e0f9aa736196dfeb5d5f,NET_3_1_RC1,2012-04-13 11:13:51,NET_3_1_RC1,,org.apache.commons.net.ftp.parser.MVSFTPEntryParser,org.apache.commons.net.ftp.parser,109
110,467,src\main\java\org\apache\commons\net\imap\IMAPReply.java,8428e16383bb3b071bda3760351cbf0b456dad37,87,0,bb507f2b401f37122f4117c706b20c3bee81021d,NET_3_1_RC1,2012-05-26 11:56:22,NET_3_1_RC1,,org.apache.commons.net.imap.IMAPReply,org.apache.commons.net.imap,110
111,475,src\main\java\org\apache\commons\net\ftp\FTPClient.java,6e6b6dd192f5303264e4735ed4375856198bc6c9,90,0,58a309554be9de39a3b2665d56b6dddeca4fd648,NET_3_1_RC1,2012-07-14 11:14:42,NET_3_1_RC1,,org.apache.commons.net.ftp.FTPClient,org.apache.commons.net.ftp,111
112,473,src\main\java\org\apache\commons\net\SocketClient.java,6037f828b16141d886e636a782fe81fe69662606,72,0,8c404450fa97dc5432cec89d37f96cf1c2c2926f,NET_3_1_RC1,2012-07-14 12:49:05,NET_3_1_RC1,,org.apache.commons.net.SocketClient,org.apache.commons.net,112
113,449,src\main\java\org\apache\commons\net\ftp\FTPClient.java,f48876521e52ae38d4e75c08c5fb27edb0eee326,62,0,4c0888abc38717d496e7781c0e648b30df42afbc,NET_3_1_RC1,2012-07-14 13:22:08,NET_3_1_RC1,,org.apache.commons.net.ftp.FTPClient,org.apache.commons.net.ftp,113
114,456,src\main\java\org\apache\commons\net\telnet\TelnetInputStream.java,737a076added6e41719d205ca9aa5261e68e5002,15,0,f48876521e52ae38d4e75c08c5fb27edb0eee326,NET_3_1_RC1,2012-07-14 13:57:34,NET_3_1_RC1,,org.apache.commons.net.telnet.TelnetInputStream,org.apache.commons.net.telnet,114
115,426,src\main\java\org\apache\commons\net\ftp\FTPSClient.java,12d33c3bd2156252b55cb7152fe8a153effc74cf,102,0,d189001e04b93586e0f07a4648ec402b0e5cc6a7,NET_3_1_RC1,2012-08-18 01:17:52,NET_3_1_RC1,,org.apache.commons.net.ftp.FTPSClient,org.apache.commons.net.ftp,115
116,466,src\main\java\org\apache\commons\net\telnet\TelnetInputStream.java,6d3d503cc4a4dfe75717fb9eb0b9d2b84ecdd45b,30,0,9c88461ef8254cdb30f9aaedb312135900d0065a,NET_3_1_RC1,2012-08-18 10:24:36,NET_3_1_RC1,,org.apache.commons.net.telnet.TelnetInputStream,org.apache.commons.net.telnet,116
117,483,src\main\java\org\apache\commons\net\util\Base64.java,4bb2f5f1a66f4fa8059941549cc6eea53a19286c,64,0,0fc436474cd29849bd610e7336773e08ba37c17b,NET_3_1_RC1,2012-10-06 15:24:53,NET_3_1_RC1,,org.apache.commons.net.util.Base64,org.apache.commons.net.util,117
118,485,src\main\java\org\apache\commons\net\util\Base64.java,54b53793a5f46eed7648ff3d2236eb114c4f1121,197,0,8d1fd6ffc999fa31a28d54c33f0d9be3d502ea4b,NET_3_1_RC1,2012-10-09 22:15:04,NET_3_1_RC1,,org.apache.commons.net.util.Base64,org.apache.commons.net.util,118
119,46,src\main\java\org\apache\commons\net\ftp\FTPClient.java,1f696bb27bd7045f6361f4ab6f131e60a7d52ee2,90,0,783fea7e5484a7c4fa1d918fc10db3cf151b1e36,NET_3_1_RC1,2012-11-26 10:34:50,NET_3_1_RC1,,org.apache.commons.net.ftp.FTPClient,org.apache.commons.net.ftp,119
120,492,src\main\java\org\apache\commons\net\ftp\FTPClient.java,79253380a13362b631285a427b08f70aef54fa64,155,0,ea404294c62a1f54bdd238365e3aa3be587f160c,NET_3_3_RC1,2012-12-12 13:14:33,NET_3_3_RC1,,org.apache.commons.net.ftp.FTPClient,org.apache.commons.net.ftp,120
121,494,src\main\java\org\apache\commons\net\ftp\FTPClient.java,aec7c943a7f797fa0c28a525a98964593bec89ae,105,0,c12bcf57ec3d70303aca8bb3251c2941b1232ebb,NET_3_3_RC1,2013-01-09 13:04:24,NET_3_3_RC1,,org.apache.commons.net.ftp.FTPClient,org.apache.commons.net.ftp,121
122,480,src\main\java\org\apache\commons\net\ftp\FTPHTTPClient.java,e75b2edd53d840e1163e9eb1715ef304596f69c6,40,0,1ff9c8b884b6805a5d08e470b9e7771f39d7449c,NET_3_3_RC1,2013-01-23 00:34:15,NET_3_3_RC1,,org.apache.commons.net.ftp.FTPHTTPClient,org.apache.commons.net.ftp,122
123,465,src\main\java\org\apache\commons\net\ftp\FTPClient.java,2fe4a2e0c0ac3c0ad1a43a4da97d1fe109c96491,331,0,9f1598c959e29070ea55536d69a8f1149b2b7fc3,NET_3_3_RC1,2013-01-23 21:22:15,NET_3_3_RC1,,org.apache.commons.net.ftp.FTPClient,org.apache.commons.net.ftp,123
124,503,src\main\java\org\apache\commons\net\smtp\SMTPSClient.java,6efd0220ab3f3735cddeb7703f0049bd1ff26d3f,67,0,d94fff12abc67d2ff61f89d8ea4f938ac34af565,NET_3_3_RC1,2013-02-20 11:05:22,NET_3_3_RC1,,org.apache.commons.net.smtp.SMTPSClient,org.apache.commons.net.smtp,124
125,505,src\main\java\org\apache\commons\net\ftp\FTPClient.java,e25ab319c95f4f2bf76815a9eb6df20be1cdc111,7,0,9d7b4ead2fc9e78bdffe73d64a55a8308a1f0b0d,NET_3_3_RC1,2013-06-06 08:53:30,NET_3_3_RC1,,org.apache.commons.net.ftp.FTPClient,org.apache.commons.net.ftp,125
126,501,src\main\java\org\apache\commons\net\telnet\TelnetInputStream.java,3d5e169b975731cb028a7974d81e7be0f2f60282,7,0,fb09298233d0fd505e69516deb175563c922b0eb,NET_3_3_RC1,2013-06-06 11:32:38,NET_3_3_RC1,,org.apache.commons.net.telnet.TelnetInputStream,org.apache.commons.net.telnet,126
127,509,src\main\java\org\apache\commons\net\smtp\AuthenticatingSMTPClient.java,09472a2175e4717846bff4d4d9f29c791833a693,142,0,8ae1b78ccabe4725f9be9a616eb677937da62ca1,NET_3_3_RC1,2013-06-07 21:59:15,NET_3_3_RC1,,org.apache.commons.net.smtp.AuthenticatingSMTPClient,org.apache.commons.net.smtp,127
129,518,src\main\java\org\apache\commons\net\ftp\FTPClient.java,476395d79f05ed4dee56d964d15aeba2928c6fe9,36,0,a02169b37f0a9075d04dac69be2f50a0700b12d2,NET_3_4_RC1,2013-12-06 20:40:56,NET_3_4_RC1,,org.apache.commons.net.ftp.FTPClient,org.apache.commons.net.ftp,129
130,512,src\main\java\org\apache\commons\net\ftp\parser\OS400FTPEntryParser.java,7879fd6518258118611af31d826bd0791adbb5c2,1400,0,476395d79f05ed4dee56d964d15aeba2928c6fe9,NET_3_4_RC1,2013-12-06 22:11:36,NET_3_4_RC1,,org.apache.commons.net.ftp.parser.OS400FTPEntryParser,org.apache.commons.net.ftp.parser,130
131,517,src\main\java\org\apache\commons\net\ftp\FTPClient.java,f2e08e8429dd35afbc522e72091f11e5c2731bac,12,0,7879fd6518258118611af31d826bd0791adbb5c2,NET_3_4_RC1,2013-12-06 22:17:46,NET_3_4_RC1,,org.apache.commons.net.ftp.FTPClient,org.apache.commons.net.ftp,131
132,521,src\main\java\org\apache\commons\net\util\SubnetUtils.java,1ab1a17fd37c377d96c8b41f41178ef1498c7fb5,127,0,e333ff8e0a4b9bc4747fcc084fa02d3e3aea6a54,NET_3_4_RC1,2013-12-30 22:55:50,NET_3_4_RC1,,org.apache.commons.net.util.SubnetUtils,org.apache.commons.net.util,132
133,520,src\main\java\org\apache\commons\net\util\SubnetUtils.java,717068898a67d03b7c2435e9f16bb65aced68048,90,0,1ab1a17fd37c377d96c8b41f41178ef1498c7fb5,NET_3_4_RC1,2013-12-30 23:47:49,NET_3_4_RC1,,org.apache.commons.net.util.SubnetUtils,org.apache.commons.net.util,133
134,516,src\main\java\org\apache\commons\net\ftp\parser\NTFTPEntryParser.java,41dd3db34ae2c03f5b5148bcca84653055c0e3eb,12,0,75129393c169ef25314223d903426c8be0716a77,NET_3_4_RC1,2014-03-05 16:59:02,NET_3_4_RC1,,org.apache.commons.net.ftp.parser.NTFTPEntryParser,org.apache.commons.net.ftp.parser,134
135,529,src\main\java\org\apache\commons\net\util\SubnetUtils.java,adfaf3ba4254d38ef80aeb5bc6fd0df6fe98380a,17,0,d5bceac7a0b8c1a31d46b05a275663c5e45e3028,NET_3_4_RC1,2014-03-22 02:09:14,NET_3_4_RC1,,org.apache.commons.net.util.SubnetUtils,org.apache.commons.net.util,135
136,530,src\main\java\org\apache\commons\net\ftp\FTP.java,b8ecb3f9fab3350ac9fbf2c0585932a804483c36,20,0,949be1b574052a8a6aca3097b2d533361641f150,NET_3_4_RC1,2014-04-02 22:12:58,NET_3_4_RC1,,org.apache.commons.net.ftp.FTP,org.apache.commons.net.ftp,136
137,8,src\main\java\org\apache\commons\net\nntp\NNTPClient.java,061d70dd783a9150601fc884cc93831d39efd751,482,0,727f55cccfe0310487271a148f185e41f3775c8e,NET_3_4_RC1,2014-04-13 18:50:52,NET_3_4_RC1,,org.apache.commons.net.nntp.NNTPClient,org.apache.commons.net.nntp,137
138,539,src\main\java\org\apache\commons\net\nntp\Threader.java,b26a3b41b047cdcc37aa65625075fa621d13f66e,97,0,061d70dd783a9150601fc884cc93831d39efd751,NET_3_4_RC1,2014-04-15 17:51:48,NET_3_4_RC1,,org.apache.commons.net.nntp.Threader,org.apache.commons.net.nntp,138
139,543,src\main\java\org\apache\commons\net\telnet\Telnet.java,131a120d7e3fc8cedf6552f9e5fdb4ff933a7386,36,0,1d8d34dbb79a7ef96c5dbc126503cd55b22091ab,NET_3_4_RC1,2014-06-07 16:19:20,NET_3_4_RC1,,org.apache.commons.net.telnet.Telnet,org.apache.commons.net.telnet,139
140,549,src\main\java\org\apache\commons\net\telnet\TelnetOutputStream.java,72ea0f2be8d01e1559aff14889967c8ccbf1822f,57,0,9eeb9c1507dd319eddb3ba9e21667d3101f1371b,NET_3_4_RC1,2014-07-30 22:28:51,NET_3_4_RC1,,org.apache.commons.net.telnet.TelnetOutputStream,org.apache.commons.net.telnet,140
141,551,src\main\java\org\apache\commons\net\io\Util.java,506d027199a615962ad5df482f077792841a01c1,178,0,aee94d0b51becdc83ea4a74e86b242d0ca3d6f0a,NET_3_4_RC1,2014-08-07 19:50:58,NET_3_4_RC1,,org.apache.commons.net.io.Util,org.apache.commons.net.io,141
142,550,src\main\java\org\apache\commons\net\io\Util.java,5555226cf8d009ee9fdb9164a919e96d768c529e,18,0,506d027199a615962ad5df482f077792841a01c1,NET_3_4_RC1,2014-08-07 22:50:31,NET_3_4_RC1,,org.apache.commons.net.io.Util,org.apache.commons.net.io,142
143,558,src\main\java\org\apache\commons\net\ftp\FTPClient.java,316dfd409563f1396521798aefab04ce7999f84f,24,0,a272cd9746694b2261e6a313d6b0cc3e1e6b3dc7,NET_3_4_RC1,2014-11-29 01:27:52,NET_3_4_RC1,,org.apache.commons.net.ftp.FTPClient,org.apache.commons.net.ftp,143
144,544,src\main\java\org\apache\commons\net\ftp\FTPClient.java,e68628bb255ff74b33ae19a37e17058806d9592a,90,0,d4e49ab13c6682ab8811d69546682c4098a4761d,NET_3_4_RC1,2014-12-01 00:33:10,NET_3_4_RC1,,org.apache.commons.net.ftp.FTPClient,org.apache.commons.net.ftp,144
145,561,src\main\java\org\apache\commons\net\ftp\FTPFile.java,752a551c95abe091bd69a4c68c8f9d900e5e3b67,10,0,e68628bb255ff74b33ae19a37e17058806d9592a,NET_3_4_RC1,2014-12-05 18:13:18,NET_3_4_RC1,,org.apache.commons.net.ftp.FTPFile,org.apache.commons.net.ftp,145
146,563,src\main\java\org\apache\commons\net\ftp\parser\MLSxEntryParser.java,17ecff749acf32ddeb8c8e9883491503b8d953a0,135,0,fdf3d2c2a275f384fa6361f705f73bfdd0a29b88,NET_3_4_RC1,2014-12-10 01:57:43,NET_3_4_RC1,,org.apache.commons.net.ftp.parser.MLSxEntryParser,org.apache.commons.net.ftp.parser,146
147,552,src\main\java\org\apache\commons\net\ftp\FTP.java,9fb2ca62d1cd49e037d14fb35a00d75a6266a8ea,69,0,021922ee87667f568d17a94513169e17f3302742,NET_3_4_RC1,2015-01-08 23:29:40,NET_3_4_RC1,,org.apache.commons.net.ftp.FTP,org.apache.commons.net.ftp,147
148,566,src\main\java\org\apache\commons\net\ftp\parser\UnixFTPEntryParser.java,f9a8a38405a6c0c269b21318d1e469a7c392be1f,140,0,ff1547720ec4b433091745b33d1393a19b46538f,NET_3_4_RC1,2015-01-17 15:06:53,NET_3_4_RC1,,org.apache.commons.net.ftp.parser.UnixFTPEntryParser,org.apache.commons.net.ftp.parser,148
149,538,src\main\java\org\apache\commons\net\ftp\FTPHTTPClient.java,f6d1a4d9d0fa98e275bef1a65cd40374bfe751be,20,0,5df3f18bc8abf3a03bdd06443ead128eba2350e8,NET_3_4_RC1,2015-06-04 12:04:34,NET_3_4_RC1,,org.apache.commons.net.ftp.FTPHTTPClient,org.apache.commons.net.ftp,149
150,579,src\main\java\org\apache\commons\net\ftp\FTPSClient.java,65302de24316b21a3955265203c60cf663067743,403,0,4ca6aa3f287b1765cc1532f5fadc01b145911a61,NET_3_4_RC1,2015-08-24 00:24:36,NET_3_4_RC1,,org.apache.commons.net.ftp.FTPSClient,org.apache.commons.net.ftp,150
151,580,src\main\java\org\apache\commons\net\smtp\SMTPClient.java,0177f90032a1a68496ae1e566697c1608fc8cb95,60,0,05111daef93db06cdccffbdeb475715413a01d67,NET_3_4_RC1,2015-08-24 10:30:01,NET_3_4_RC1,,org.apache.commons.net.smtp.SMTPClient,org.apache.commons.net.smtp,151
152,582,src\main\java\org\apache\commons\net\smtp\SimpleSMTPHeader.java,83b950724307dc1551a7325961be1da89acbabf0,130,0,642158f72b2534e29b0db024e761118c67eae3eb,NET_3_4_RC1,2015-08-24 13:04:12,NET_3_4_RC1,,org.apache.commons.net.smtp.SimpleSMTPHeader,org.apache.commons.net.smtp,152
153,581,src\main\java\org\apache\commons\net\smtp\SimpleSMTPHeader.java,e8d76ef9c72325b773b9141a8566ce1147c1ebc6,67,0,77a30c218d8b1505a9ed450e62625321bdf000fb,NET_3_4_RC1,2015-08-24 14:19:46,NET_3_4_RC1,,org.apache.commons.net.smtp.SimpleSMTPHeader,org.apache.commons.net.smtp,153
154,583,src\main\java\org\apache\commons\net\ftp\FTPClient.java,02ae1898a1bc9eb7fe541072b6bd1ac0dbf6a915,7,0,6fe206372bd3c1c852fbf3053fd4cb4dc71790b4,NET_3_5_RC1,2016-04-15 19:07:04,NET_3_5_RC1,,org.apache.commons.net.ftp.FTPClient,org.apache.commons.net.ftp,154
155,592,src\main\java\org\apache\commons\net\ftp\FTPSClient.java,96e16497119db404a4e59709e022d4f9564d23e6,17,0,328c4046d88629d1d7d484e88cb4293541bc1141,NET_3_6_RC1,2016-06-11 00:57:57,NET_3_6_RC1,,org.apache.commons.net.ftp.FTPSClient,org.apache.commons.net.ftp,155
156,594,src\main\java\org\apache\commons\net\telnet\TelnetClient.java,acf58cffc617b2328c70acaf22026cfaadfcb592,75,0,96e16497119db404a4e59709e022d4f9564d23e6,NET_3_6_RC1,2016-06-11 01:09:00,NET_3_6_RC1,,org.apache.commons.net.telnet.TelnetClient,org.apache.commons.net.telnet,156
157,593,src\main\java\org\apache\commons\net\SocketClient.java,19af5379fa93633e2c7bc0326fc5f3b28aaf192f,150,0,acf58cffc617b2328c70acaf22026cfaadfcb592,NET_3_6_RC1,2016-06-13 09:24:30,NET_3_6_RC1,,org.apache.commons.net.SocketClient,org.apache.commons.net,157
158,597,src\main\java\org\apache\commons\net\ftp\parser\UnixFTPEntryParser.java,bec3eaa55584966aeab7ad00cb16b07656b82553,164,0,8138f8c25af368ba6b31e6c0885265cf0783d6d8,NET_3_6_RC1,2016-07-14 13:46:19,NET_3_6_RC1,,org.apache.commons.net.ftp.parser.UnixFTPEntryParser,org.apache.commons.net.ftp.parser,158
159,609,src\main\java\org\apache\commons\net\ftp\parser\DefaultFTPFileEntryParserFactory.java,cd299336abb873f53664063e0a977650f22fe8f3,45,0,2b0f3383fd8f54de72157ee878b4c92f26a0e60a,NET_3_6_RC1,2017-02-06 16:43:40,NET_3_6_RC1,,org.apache.commons.net.ftp.parser.DefaultFTPFileEntryParserFactory,org.apache.commons.net.ftp.parser,159
160,611,src\main\java\org\apache\commons\net\ftp\FTP.java,c038c0c1c317861366eae15f3b3dc70d9e927992,440,0,6f254e5e71609487a6dc99b2858252569039abd4,NET_3_6_RC1,2017-02-07 14:40:49,NET_3_6_RC1,,org.apache.commons.net.ftp.FTP,org.apache.commons.net.ftp,160
161,610,src\main\java\org\apache\commons\net\ftp\FTPClient.java,d5c724671fd72d49ec416e7fd086220ef7c8f4e2,60,0,c038c0c1c317861366eae15f3b3dc70d9e927992,NET_3_6_RC1,2017-02-07 15:33:35,NET_3_6_RC1,,org.apache.commons.net.ftp.FTPClient,org.apache.commons.net.ftp,161
162,588,src\main\java\org\apache\commons\net\ftp\FTPClient.java,ddaa71735ac8c1e7875d4b7bfe30c92921389982,458,0,d5c724671fd72d49ec416e7fd086220ef7c8f4e2,NET_3_6_RC1,2017-02-07 20:02:28,NET_3_6_RC1,,org.apache.commons.net.ftp.FTPClient,org.apache.commons.net.ftp,162
163,602,src\main\java\org\apache\commons\net\ftp\parser\DefaultFTPFileEntryParserFactory.java,6697e685dd8d3bb7a41c65a013276e79910203f5,60,0,34074f97a0a0572518c8736a30f017563cd7e9b3,NET_3_6_RC1,2017-02-07 23:23:36,NET_3_6_RC1,,org.apache.commons.net.ftp.parser.DefaultFTPFileEntryParserFactory,org.apache.commons.net.ftp.parser,163
164,596,src\main\java\org\apache\commons\net\telnet\TelnetClient.java,796a288e0c2e17ddf7dc44a4cd790a7eab4e158d,34,0,6697e685dd8d3bb7a41c65a013276e79910203f5,NET_3_6_RC1,2017-02-07 23:52:49,NET_3_6_RC1,,org.apache.commons.net.telnet.TelnetClient,org.apache.commons.net.telnet,164
165,477,src\main\java\org\apache\commons\net\tftp\TFTPClient.java,f6b86b380606073a2847b8926d893be047903995,2415,0,9cf95344c06ae96954cacee357694253d12559a7,NET_3_6_RC1,2017-02-09 15:53:39,NET_3_6_RC1,,org.apache.commons.net.tftp.TFTPClient,org.apache.commons.net.tftp,165
166,414,src\main\java\org\apache\commons\net\tftp\TFTPClient.java,4564a17fb24a851771f83a614d0bde5bae05bcfa,72,0,f6b86b380606073a2847b8926d893be047903995,NET_3_6_RC1,2017-02-09 16:09:31,NET_3_6_RC1,,org.apache.commons.net.tftp.TFTPClient,org.apache.commons.net.tftp,166
167,613,src\main\java\org\apache\commons\net\tftp\TFTPClient.java,b785836d28f31bee038d45e33374c4ec5e15b435,25,0,4a62504cbd24ad342769ef538e31e91f311f72dd,NET_3_6_RC1,2017-02-09 17:43:30,NET_3_6_RC1,,org.apache.commons.net.tftp.TFTPClient,org.apache.commons.net.tftp,167
168,618,src\main\java\org\apache\commons\net\ftp\parser\MVSFTPEntryParser.java,c296d280f5c66277a7f0b6fcd0843eb7ad061858,7,0,a76bed1f8338e0bffb78b3b5a918aede47135520,master,2017-02-28 21:21:02,master,,org.apache.commons.net.ftp.parser.MVSFTPEntryParser,org.apache.commons.net.ftp.parser,168
169,6,src\main\java\org\apache\commons\net\util\SubnetUtils.java,d969913836215396e8f586ffe6e0151c47d057c5,75,0,01a27abd5809c9fe5a552bd081991af301ab7459,master,2017-03-02 22:34:35,master,,org.apache.commons.net.util.SubnetUtils,org.apache.commons.net.util,169
170,624,src\main\java\org\apache\commons\net\util\SubnetUtils.java,76036954547d0ead559f4e7b258019b3355d05a4,90,0,ba2886c990242c32e75d94a9d4c7ec9aa2571f10,master,2017-03-10 23:33:40,master,,org.apache.commons.net.util.SubnetUtils,org.apache.commons.net.util,170
171,584,src\main\java\org\apache\commons\net\ftp\FTPClient.java,43a4141d3eab58255bd74a0e433fe54fbeee5ec4,199,0,d651fb37e5a3ebc1f0a4241fe569d13f6e460bae,master,2017-03-11 16:33:49,master,,org.apache.commons.net.ftp.FTPClient,org.apache.commons.net.ftp,171
172,631,src\main\java\org\apache\commons\net\ftp\parser\MVSFTPEntryParser.java,d8f9af13ba04b2b483f6d441d1c4071174726988,85,0,1acb3d3f5f8230e4329be95644c9f433b75bf0cb,master,2017-03-23 23:51:01,master,,org.apache.commons.net.ftp.parser.MVSFTPEntryParser,org.apache.commons.net.ftp.parser,172
173,11,src\main\java\org\apache\commons\net\ftp\FTPClient.java,ab485239c60e9fbfc138071bf3f5b426a9fe7c77,24,0,5cf11219eed630818a4ec33da3aa78486e02ee5b,master,2017-03-24 16:00:29,master,,org.apache.commons.net.ftp.FTPClient,org.apache.commons.net.ftp,173
174,636,src\main\java\org\apache\commons\net\examples\package-info.java,7fabd00432b9974240f1df75e1e7fa63ba276589,85,0,efedd6dcb9b01a2bb2146de664dd312c31e6c22a,master,2017-04-21 16:30:03,master,,org.apache.commons.net.examples.package-info,org.apache.commons.net.examples,174
175,639,src\main\java\org\apache\commons\net\ftp\parser\MVSFTPEntryParser.java,e08fbb9e9adffc54c5ad87ddfd57b590e65ef862,12,0,24dd750b5bb142d26d3c74f1d884533f66006346,master,2017-07-03 15:38:05,master,,org.apache.commons.net.ftp.parser.MVSFTPEntryParser,org.apache.commons.net.ftp.parser,175
176,641,src\main\java\org\apache\commons\net\util\SubnetUtils.java,2d935482d9b026ccd2cb2b55fcb05380a4466500,35,0,f38341cab4a20f7f690072f24d648cea8e0f5784,master,2017-08-03 15:18:54,master,,org.apache.commons.net.util.SubnetUtils,org.apache.commons.net.util,176
177,643,src\main\java\org\apache\commons\net\telnet\TelnetClient.java,98d829eb6af5449ac27b66382952de37602ebe4e,32,0,f6c513acaf04dbf3acc69f96053897b0c90dc746,master,2018-02-08 11:55:10,master,,org.apache.commons.net.telnet.TelnetClient,org.apache.commons.net.telnet,177
178,614,src\main\java\org\apache\commons\net\imap\IMAP.java,a4ae7b2374bfab3729937f8e293f3621d3b07654,157,0,c4dd9fda6e4a9be7a532b287ae33b75bd749a4da,master,2018-10-05 19:23:16,master,,org.apache.commons.net.imap.IMAP,org.apache.commons.net.imap,178
