,Unnamed: 0,commit,component_path,issue,LOC_change,is_test,parent,tag_commit,date_commit,tag_parent,module,fail_component,package,index_bug
1118,1118,94e51be9f0394bc9f5d278a9e2cec12da1b38f5e,src\org\apache\pig\backend\hadoop\executionengine\HExecutionEngine.java,4556,25,0,4d3f8d263ab69c5231a329c33eac589c54bf2e22,release-0.16.0-rc0,2015-05-19 23:41:34,release-0.16.0-rc0,,org.apache.pig.backend.hadoop.executionengine.HExecutionEngine,org.apache.pig.backend.hadoop.executionengine,1118
1119,1119,0347d0e4a046a046ef2d31fa8c460768d95a874e,src\org\apache\pig\data\DataReaderWriter.java,4506,80,0,94e51be9f0394bc9f5d278a9e2cec12da1b38f5e,release-0.16.0-rc0,2015-05-19 23:46:09,release-0.16.0-rc0,,org.apache.pig.data.DataReaderWriter,org.apache.pig.data,1119
1120,1120,b39e7b8dbc92004410a76b34b785bb4d4124b490,src\org\apache\pig\data\DataType.java,4562,36,0,4933b24c358892d272058dec32179eff60e2d44c,release-0.16.0-rc0,2015-05-20 21:12:27,release-0.16.0-rc0,,org.apache.pig.data.DataType,org.apache.pig.data,1120
1121,1121,57f1f9759cf220b9c17e9ea9bad2a72336c926ae,src\org\apache\pig\backend\hadoop\executionengine\HExecutionEngine.java,4556,50,0,b39e7b8dbc92004410a76b34b785bb4d4124b490,release-0.16.0-rc0,2015-05-21 22:37:22,release-0.16.0-rc0,,org.apache.pig.backend.hadoop.executionengine.HExecutionEngine,org.apache.pig.backend.hadoop.executionengine,1121
1122,1122,6da826cf82711b141922ccd565c4339eca695cad,src\org\apache\pig\JVMReuseImpl.java,4418,124,0,16d2e31af63fd3e48b9be04e603122c56f20c7ae,release-0.16.0-rc0,2015-05-22 17:26:23,release-0.16.0-rc0,,org.apache.pig.JVMReuseImpl,org.apache.pig,1122
1123,1123,b8681b300d1f6ffca72b27c857484f1621f857f1,src\org\apache\pig\builtin\StringMax.java,4490,10,0,98063272b48483a08f007762d0d5430f5fc33bd8,release-0.16.0-rc0,2015-05-22 22:12:39,release-0.16.0-rc0,,org.apache.pig.builtin.StringMax,org.apache.pig.builtin,1123
1124,1124,d232cd04056bb9ddf54319e1cea16ad2dc45d1b6,src\org\apache\pig\backend\hadoop\executionengine\mapReduceLayer\JobControlCompiler.java,4569,129,0,2566c40e7aa05efe0888edb9965b9db19054c710,release-0.16.0-rc0,2015-05-23 06:43:58,release-0.16.0-rc0,,org.apache.pig.backend.hadoop.executionengine.mapReduceLayer.JobControlCompiler,org.apache.pig.backend.hadoop.executionengine.mapReduceLayer,1124
1125,1125,ad8fc7edcafeecb483191e04b51185c29e0b1ea3,src\org\apache\pig\impl\util\SpillableMemoryManager.java,4564,1330,0,9ecf5ec7732f0cf2b54d163bd85dd37c3b861eaa,release-0.16.0-rc0,2015-05-23 23:00:22,release-0.16.0-rc0,,org.apache.pig.impl.util.SpillableMemoryManager,org.apache.pig.impl.util,1125
1126,1126,fe532c2b809f10526ae21fa1afe8091f5c05f970,src\org\apache\pig\impl\builtin\IsFirstReduceOfKey.java,4541,8,0,c131ebcac5d733e19272971161bafa0eb56bbdcf,release-0.16.0-rc0,2015-05-26 22:46:31,release-0.16.0-rc0,,org.apache.pig.impl.builtin.IsFirstReduceOfKey,org.apache.pig.impl.builtin,1126
1127,1127,532321edae2a6bb9103e4d55d31ba570e87e648d,src\org\apache\pig\backend\hadoop\executionengine\tez\plan\TezCompiler.java,4377,60,0,83815e259305c6bed96a7f1ee2ef450c3c47dfdf,release-0.16.0-rc0,2015-05-27 19:47:11,release-0.16.0-rc0,,org.apache.pig.backend.hadoop.executionengine.tez.plan.TezCompiler,org.apache.pig.backend.hadoop.executionengine.tez.plan,1127
1128,1128,b54dcaa0447ff260b3b4d0dac780b051ddbb3634,src\org\apache\pig\backend\hadoop\executionengine\tez\plan\TezCompiler.java,4580,120,0,09d53288ae13a33fef027934158e025832f8aed2,release-0.16.0-rc0,2015-06-01 17:43:02,release-0.16.0-rc0,,org.apache.pig.backend.hadoop.executionengine.tez.plan.TezCompiler,org.apache.pig.backend.hadoop.executionengine.tez.plan,1128
1129,1129,88ed5c9f069c51f915f92e808fd50d13dca93b71,src\org\apache\pig\backend\hadoop\executionengine\tez\TezResourceManager.java,4618,62,0,d0237a683e78082164df924d1a478fc44f75b075,release-0.16.0-rc0,2015-07-15 21:12:55,release-0.16.0-rc0,,org.apache.pig.backend.hadoop.executionengine.tez.TezResourceManager,org.apache.pig.backend.hadoop.executionengine.tez,1129
1130,1130,92dce401344a28ff966ad4cf3dd969a676852315,src\org\apache\pig\impl\util\Utils.java,4624,150,0,efe1dc1c1091d543e9a1487834ffef91b6bff4af,release-0.16.0-rc0,2015-08-04 00:16:13,release-0.16.0-rc0,,org.apache.pig.impl.util.Utils,org.apache.pig.impl.util,1130
1131,1131,1dde170145be2308d00900dd2b66e1027442375b,src\org\apache\pig\backend\hadoop\executionengine\Launcher.java,4636,10,0,92dce401344a28ff966ad4cf3dd969a676852315,release-0.16.0-rc0,2015-08-04 05:35:28,release-0.16.0-rc0,,org.apache.pig.backend.hadoop.executionengine.Launcher,org.apache.pig.backend.hadoop.executionengine,1131
1132,1132,2047a2c0ac783987b15fc62b673d00e576690ea1,src\org\apache\pig\backend\hadoop\executionengine\tez\plan\optimizer\UnionOptimizer.java,4649,73,0,c11541e7c1203c8b9e39241bb0b0bb40fb4fa825,release-0.16.0-rc0,2015-08-05 20:21:53,release-0.16.0-rc0,,org.apache.pig.backend.hadoop.executionengine.tez.plan.optimizer.UnionOptimizer,org.apache.pig.backend.hadoop.executionengine.tez.plan.optimizer,1132
1133,1133,657f915a7fa81fb847d89cdb44838d3a57178e31,contrib\piggybank\java\src\main\java\org\apache\pig\piggybank\storage\CSVLoader.java,4623,585,0,2047a2c0ac783987b15fc62b673d00e576690ea1,release-0.16.0-rc0,2015-08-05 21:04:43,release-0.16.0-rc0,,org.apache.pig.piggybank.storage.CSVLoader,org.apache.pig.piggybank.storage,1133
1134,1134,01ad0af7e333506dadb61444725536c51e62d6c7,contrib\piggybank\java\src\main\java\org\apache\pig\piggybank\storage\CSVLoader.java,4623,585,0,57bdb547c4652b9e27447d42c146bb5e94e4b34c,release-0.16.0-rc0,2015-08-05 23:34:16,release-0.16.0-rc0,,org.apache.pig.piggybank.storage.CSVLoader,org.apache.pig.piggybank.storage,1134
1135,1135,a0e610be9be0a54414acda26f651d2ae2f4117b6,src\org\apache\pig\backend\hadoop\executionengine\physicalLayer\expressionOperators\PORelationToExprProject.java,4644,94,0,01ad0af7e333506dadb61444725536c51e62d6c7,release-0.16.0-rc0,2015-08-06 20:05:25,release-0.16.0-rc0,,org.apache.pig.backend.hadoop.executionengine.physicalLayer.expressionOperators.PORelationToExprProject,org.apache.pig.backend.hadoop.executionengine.physicalLayer.expressionOperators,1135
1136,1136,ac70a21306ff730caadb779212b68710ceac1dd2,src\org\apache\pig\backend\hadoop\executionengine\tez\TezDagBuilder.java,4627,598,0,a0e610be9be0a54414acda26f651d2ae2f4117b6,release-0.16.0-rc0,2015-08-11 23:01:10,release-0.16.0-rc0,,org.apache.pig.backend.hadoop.executionengine.tez.TezDagBuilder,org.apache.pig.backend.hadoop.executionengine.tez,1136
1137,1137,44b648315b3b914387b7e030c85f02fb283424c8,src\org\apache\pig\backend\hadoop\executionengine\mapReduceLayer\JobControlCompiler.java,4628,27,0,44fc1d7dbcf2d703c85503d88f52d6507fea482b,release-0.16.0-rc0,2015-08-12 17:10:01,release-0.16.0-rc0,,org.apache.pig.backend.hadoop.executionengine.mapReduceLayer.JobControlCompiler,org.apache.pig.backend.hadoop.executionengine.mapReduceLayer,1137
1138,1138,4ddcca81f0c02c7e1a2762430ac54e941d3b6608,src\org\apache\pig\backend\hadoop\executionengine\mapReduceLayer\PigBytesRawComparator.java,4627,80,0,0197f8cda6b4ae1641166c8f576683935edabfcb,release-0.16.0-rc0,2015-09-02 21:47:20,release-0.16.0-rc0,,org.apache.pig.backend.hadoop.executionengine.mapReduceLayer.PigBytesRawComparator,org.apache.pig.backend.hadoop.executionengine.mapReduceLayer,1138
1139,1139,8cd6c1c4895dd81dbcb987e215586049eb5a7680,src\org\apache\pig\backend\hadoop\executionengine\tez\util\TezCompilerUtil.java,4315,370,0,1edcdf86f7f5fa7fec7e78cb210fde35f2779f71,release-0.16.0-rc0,2015-09-02 21:56:58,release-0.16.0-rc0,,org.apache.pig.backend.hadoop.executionengine.tez.util.TezCompilerUtil,org.apache.pig.backend.hadoop.executionengine.tez.util,1139
1140,1140,510f71746883b23c7ea411d08bfb98cef2e3376e,src\org\apache\pig\backend\hadoop\executionengine\mapReduceLayer\InputSizeReducerEstimator.java,4679,20,0,657902bf64ca85493079bd84e1b2eb5cce6dee15,release-0.16.0-rc0,2015-09-17 02:38:59,release-0.16.0-rc0,,org.apache.pig.backend.hadoop.executionengine.mapReduceLayer.InputSizeReducerEstimator,org.apache.pig.backend.hadoop.executionengine.mapReduceLayer,1140
1141,1141,a8c680cf28ad4c2ab824c268a3dbe2783667dd94,src\org\apache\pig\builtin\TOMAP.java,4674,136,0,510f71746883b23c7ea411d08bfb98cef2e3376e,release-0.16.0-rc0,2015-09-17 02:41:02,release-0.16.0-rc0,,org.apache.pig.builtin.TOMAP,org.apache.pig.builtin,1141
1142,1142,1104a322ed6389091494c5b6a454dc63a6427a85,src\org\apache\pig\builtin\TOMAP.java,4674,10,0,fbbe22b18390377d3fdfa6ea6daa83b571f46ae5,release-0.16.0-rc0,2015-09-23 05:36:18,release-0.16.0-rc0,,org.apache.pig.builtin.TOMAP,org.apache.pig.builtin,1142
1143,1143,8f273342fdd3e8c4292f2460d07b99978a2be5c6,src\org\apache\pig\backend\hadoop\executionengine\physicalLayer\relationalOperators\POPackage.java,4683,55,0,d700bdeba9e4104097bbb07ccc5154c5acedaac5,release-0.16.0-rc0,2015-09-24 05:45:43,release-0.16.0-rc0,,org.apache.pig.backend.hadoop.executionengine.physicalLayer.relationalOperators.POPackage,org.apache.pig.backend.hadoop.executionengine.physicalLayer.relationalOperators,1143
1144,1144,a44b85a0ab941cdd1d2d7f6e457303aef1e57501,src\org\apache\pig\backend\hadoop\executionengine\tez\plan\TezPrinter.java,4635,40,0,8f273342fdd3e8c4292f2460d07b99978a2be5c6,release-0.16.0-rc0,2015-09-25 17:43:17,release-0.16.0-rc0,,org.apache.pig.backend.hadoop.executionengine.tez.plan.TezPrinter,org.apache.pig.backend.hadoop.executionengine.tez.plan,1144
1145,1145,c7cea68820b474de9da3bf08ae90710bfbc9a50c,src\org\apache\pig\scripting\BoundScript.java,4670,497,0,a44b85a0ab941cdd1d2d7f6e457303aef1e57501,release-0.16.0-rc0,2015-10-04 18:22:32,release-0.16.0-rc0,,org.apache.pig.scripting.BoundScript,org.apache.pig.scripting,1145
1146,1146,ec0d50b408da7367a3a0b701c55006dea65925c5,src\org\apache\pig\backend\hadoop\executionengine\tez\runtime\PigProcessor.java,4688,66,0,c7cea68820b474de9da3bf08ae90710bfbc9a50c,release-0.16.0-rc0,2015-10-05 20:55:51,release-0.16.0-rc0,,org.apache.pig.backend.hadoop.executionengine.tez.runtime.PigProcessor,org.apache.pig.backend.hadoop.executionengine.tez.runtime,1146
1147,1147,c76015245c067af7f731e6c809e2ad7dc7c92672,src\org\apache\pig\backend\hadoop\executionengine\tez\plan\optimizer\UnionOptimizer.java,4691,222,0,f99fdc4914d0e65843787d108c79c8cc83e441f5,release-0.16.0-rc0,2015-10-06 21:19:35,release-0.16.0-rc0,,org.apache.pig.backend.hadoop.executionengine.tez.plan.optimizer.UnionOptimizer,org.apache.pig.backend.hadoop.executionengine.tez.plan.optimizer,1147
1148,1148,b1e73a0e9d7d09a38c5c6c9591444718edbbd728,src\org\apache\pig\impl\streaming\PigStreamingUDF.java,4696,10,0,c76015245c067af7f731e6c809e2ad7dc7c92672,release-0.16.0-rc0,2015-10-08 16:09:15,release-0.16.0-rc0,,org.apache.pig.impl.streaming.PigStreamingUDF,org.apache.pig.impl.streaming,1148
1149,1149,2860b0490d4a07677b94606bb5afec461c1da074,src\org\apache\pig\pen\ExampleGenerator.java,4670,276,0,da91cc8bb32494e279892d86f12ad34afcc4d0d5,release-0.16.0-rc0,2015-10-13 03:33:28,release-0.16.0-rc0,,org.apache.pig.pen.ExampleGenerator,org.apache.pig.pen,1149
1150,1150,da24d545444bdc557800674bd67f90c4bc30d95b,src\org\apache\pig\backend\hadoop\executionengine\tez\plan\TezOperator.java,4703,113,0,ca570436a68d0d9b727f397bf626dd7614bdae0c,release-0.16.0-rc0,2015-10-16 20:47:57,release-0.16.0-rc0,,org.apache.pig.backend.hadoop.executionengine.tez.plan.TezOperator,org.apache.pig.backend.hadoop.executionengine.tez.plan,1150
1151,1151,6483c3785b4da181530899e555cdb67048d4612b,src\org\apache\pig\backend\hadoop\executionengine\physicalLayer\relationalOperators\POStream.java,4707,644,0,353ccff781b774547848b5681ee8bfae124136de,release-0.16.0-rc0,2015-10-25 12:54:35,release-0.16.0-rc0,,org.apache.pig.backend.hadoop.executionengine.physicalLayer.relationalOperators.POStream,org.apache.pig.backend.hadoop.executionengine.physicalLayer.relationalOperators,1151
1152,1152,9bdf3e10dcd1d78c32911488df61c7a200532824,src\org\apache\pig\backend\hadoop\executionengine\physicalLayer\expressionOperators\POUserFunc.java,4712,12,0,ea8fd2df27c0a3b20bfc52f6c1a308f9f944a7d4,release-0.16.0-rc0,2015-10-26 18:35:32,release-0.16.0-rc0,,org.apache.pig.backend.hadoop.executionengine.physicalLayer.expressionOperators.POUserFunc,org.apache.pig.backend.hadoop.executionengine.physicalLayer.expressionOperators,1152
1153,1153,56a7ea95472d05242bdb667a05096e1bcf98f37c,src\org\apache\pig\newplan\logical\relational\LogicalSchema.java,4725,40,0,ad381f7b32617f71fed6a2a78e351a2feb39a21c,release-0.16.0-rc0,2015-11-04 07:18:15,release-0.16.0-rc0,,org.apache.pig.newplan.logical.relational.LogicalSchema,org.apache.pig.newplan.logical.relational,1153
1154,1154,31278ce56a18f821e9c98c800bef5e11e5396a69,contrib\piggybank\java\src\test\java\org\apache\pig\piggybank\test\storage\TestCSVExcelStorage.java,4689,349,0,fc37a02f00dd5ee4f5ee42eb7be05f80f9116837,release-0.16.0-rc0,2015-11-06 20:03:44,release-0.16.0-rc0,,org.apache.pig.piggybank.test.storage.TestCSVExcelStorage,org.apache.pig.piggybank.test.storage,1154
1155,1155,27d4ee118de18acaf267d459cf90192bad7d047f,src\org\apache\pig\backend\hadoop\executionengine\tez\TezDagBuilder.java,4730,15,0,31278ce56a18f821e9c98c800bef5e11e5396a69,release-0.16.0-rc0,2015-11-10 00:03:30,release-0.16.0-rc0,,org.apache.pig.backend.hadoop.executionengine.tez.TezDagBuilder,org.apache.pig.backend.hadoop.executionengine.tez,1155
1156,1156,348d0839580ff7b0e647c326012580bfd00ed906,src\org\apache\pig\backend\hadoop\executionengine\physicalLayer\PhysicalOperator.java,4722,25,0,27d4ee118de18acaf267d459cf90192bad7d047f,release-0.16.0-rc0,2015-11-13 19:28:02,release-0.16.0-rc0,,org.apache.pig.backend.hadoop.executionengine.physicalLayer.PhysicalOperator,org.apache.pig.backend.hadoop.executionengine.physicalLayer,1156
1157,1157,6204838ade23ada51456df328e2eb226c6e61683,src\org\apache\pig\JVMReuseImpl.java,4733,116,0,348d0839580ff7b0e647c326012580bfd00ed906,release-0.16.0-rc0,2015-11-13 19:44:16,release-0.16.0-rc0,,org.apache.pig.JVMReuseImpl,org.apache.pig,1157
1158,1158,0ad900dc3a63c67570e88975eda8784f303bf130,src\org\apache\pig\impl\util\UDFContextSeparator.java,4736,61,0,6204838ade23ada51456df328e2eb226c6e61683,release-0.16.0-rc0,2015-11-14 23:31:23,release-0.16.0-rc0,,org.apache.pig.impl.util.UDFContextSeparator,org.apache.pig.impl.util,1158
1159,1159,d9e8f97c0d9b62efb617104978e66b9e90192d1e,src\org\apache\pig\backend\hadoop\executionengine\tez\TezLauncher.java,4760,104,0,df382ef2ebef343c9b439ac7fea3554c03e38463,release-0.16.0-rc0,2015-12-22 19:21:05,release-0.16.0-rc0,,org.apache.pig.backend.hadoop.executionengine.tez.TezLauncher,org.apache.pig.backend.hadoop.executionengine.tez,1159
1160,1160,f0b72858dc660fe92370be9316c3837bd007acef,src\org\apache\pig\backend\hadoop\executionengine\mapReduceLayer\ProgressableReporter.java,4768,52,0,d9e8f97c0d9b62efb617104978e66b9e90192d1e,release-0.16.0-rc0,2016-01-05 08:21:04,release-0.16.0-rc0,,org.apache.pig.backend.hadoop.executionengine.mapReduceLayer.ProgressableReporter,org.apache.pig.backend.hadoop.executionengine.mapReduceLayer,1160
1161,1161,fbd32249699b4356093f98f15d7022b9f65439a5,src\org\apache\pig\backend\hadoop\executionengine\tez\plan\optimizer\UnionOptimizer.java,4769,124,0,f0b72858dc660fe92370be9316c3837bd007acef,release-0.16.0-rc0,2016-01-05 08:26:12,release-0.16.0-rc0,,org.apache.pig.backend.hadoop.executionengine.tez.plan.optimizer.UnionOptimizer,org.apache.pig.backend.hadoop.executionengine.tez.plan.optimizer,1161
1162,1162,5fe78aa2504d9dc1267895976a5a6cb6a5d84940,src\org\apache\pig\tools\pigstats\tez\TezVertexStats.java,4757,294,0,fbd32249699b4356093f98f15d7022b9f65439a5,release-0.16.0-rc0,2016-01-06 22:25:18,release-0.16.0-rc0,,org.apache.pig.tools.pigstats.tez.TezVertexStats,org.apache.pig.tools.pigstats.tez,1162
1163,1163,18c844e6e3254586d4b5ba9840c054c66c513adc,src\org\apache\pig\builtin\DoubleAvg.java,4774,216,0,5fe78aa2504d9dc1267895976a5a6cb6a5d84940,release-0.16.0-rc0,2016-01-11 00:18:15,release-0.16.0-rc0,,org.apache.pig.builtin.DoubleAvg,org.apache.pig.builtin,1163
1164,1164,e5cc340f137017d171af1151a5451296aa6dcb11,src\org\apache\pig\backend\hadoop\executionengine\tez\TezDagBuilder.java,4775,155,0,18c844e6e3254586d4b5ba9840c054c66c513adc,release-0.16.0-rc0,2016-01-11 02:54:54,release-0.16.0-rc0,,org.apache.pig.backend.hadoop.executionengine.tez.TezDagBuilder,org.apache.pig.backend.hadoop.executionengine.tez,1164
1165,1165,e0c5f265c68491395d8303c86195445be3d8aecf,src\org\apache\pig\backend\hadoop\executionengine\mapReduceLayer\PigSecondaryKeyComparator.java,4773,227,0,e5cc340f137017d171af1151a5451296aa6dcb11,release-0.16.0-rc0,2016-01-11 06:23:33,release-0.16.0-rc0,,org.apache.pig.backend.hadoop.executionengine.mapReduceLayer.PigSecondaryKeyComparator,org.apache.pig.backend.hadoop.executionengine.mapReduceLayer,1165
1166,1166,901649025cc371fb58f16d30f04d508cdffbff74,src\org\apache\pig\backend\hadoop\executionengine\physicalLayer\relationalOperators\POPartialAgg.java,4770,307,0,5ee0b9027c739912c6d3e89776f2b9f3321680ee,release-0.16.0-rc0,2016-01-12 06:52:01,release-0.16.0-rc0,,org.apache.pig.backend.hadoop.executionengine.physicalLayer.relationalOperators.POPartialAgg,org.apache.pig.backend.hadoop.executionengine.physicalLayer.relationalOperators,1166
1167,1167,5c0a7d08ad5c59a35df2d7244378812276ef8d39,src\org\apache\pig\backend\hadoop\executionengine\physicalLayer\relationalOperators\POFRJoin.java,4737,328,0,901649025cc371fb58f16d30f04d508cdffbff74,release-0.16.0-rc0,2016-01-12 23:21:32,release-0.16.0-rc0,,org.apache.pig.backend.hadoop.executionengine.physicalLayer.relationalOperators.POFRJoin,org.apache.pig.backend.hadoop.executionengine.physicalLayer.relationalOperators,1167
1168,1168,5fa83bbdaa9010bfeeca7fabbe5819da46cee885,src\org\apache\pig\backend\hadoop\executionengine\physicalLayer\relationalOperators\POSort.java,4737,120,0,5c0a7d08ad5c59a35df2d7244378812276ef8d39,release-0.16.0-rc0,2016-01-13 18:44:54,release-0.16.0-rc0,,org.apache.pig.backend.hadoop.executionengine.physicalLayer.relationalOperators.POSort,org.apache.pig.backend.hadoop.executionengine.physicalLayer.relationalOperators,1168
1169,1169,ed6104307fd3800590ac46100eb07a5cf48687e5,src\org\apache\pig\backend\hadoop\executionengine\physicalLayer\relationalOperators\POPartialAgg.java,4782,190,0,5fa83bbdaa9010bfeeca7fabbe5819da46cee885,release-0.16.0-rc0,2016-01-17 20:48:48,release-0.16.0-rc0,,org.apache.pig.backend.hadoop.executionengine.physicalLayer.relationalOperators.POPartialAgg,org.apache.pig.backend.hadoop.executionengine.physicalLayer.relationalOperators,1169
1170,1170,0d74afb85f45bb0fe3a99c6e05b03e1cc5bec73d,src\org\apache\pig\tools\pigstats\tez\TezVertexStats.java,4587,204,0,ed6104307fd3800590ac46100eb07a5cf48687e5,release-0.16.0-rc0,2016-01-18 19:47:48,release-0.16.0-rc0,,org.apache.pig.tools.pigstats.tez.TezVertexStats,org.apache.pig.tools.pigstats.tez,1170
1171,1171,66d1ba16d3b7050283c461ed72ecb29b53250930,src\org\apache\pig\backend\hadoop\executionengine\physicalLayer\relationalOperators\POForEach.java,4791,27,0,4f12b6c702bf581d1d4e67c0b4fb2d07c8764cb9,release-0.16.0-rc0,2016-01-29 22:04:24,release-0.16.0-rc0,,org.apache.pig.backend.hadoop.executionengine.physicalLayer.relationalOperators.POForEach,org.apache.pig.backend.hadoop.executionengine.physicalLayer.relationalOperators,1171
1172,1172,56c211423e1cedcd88436158fe055755f783d65f,src\org\apache\pig\backend\hadoop\executionengine\tez\plan\optimizer\MultiQueryOptimizerTez.java,4690,284,0,66d1ba16d3b7050283c461ed72ecb29b53250930,release-0.16.0-rc0,2016-01-29 22:19:35,release-0.16.0-rc0,,org.apache.pig.backend.hadoop.executionengine.tez.plan.optimizer.MultiQueryOptimizerTez,org.apache.pig.backend.hadoop.executionengine.tez.plan.optimizer,1172
1173,1173,682359444d8a053f2c7acc1b1b92ee497f8aa64d,src\org\apache\pig\backend\hadoop\executionengine\physicalLayer\relationalOperators\POPartialAgg.java,4782,22,0,56c211423e1cedcd88436158fe055755f783d65f,release-0.16.0-rc0,2016-02-01 16:24:05,release-0.16.0-rc0,,org.apache.pig.backend.hadoop.executionengine.physicalLayer.relationalOperators.POPartialAgg,org.apache.pig.backend.hadoop.executionengine.physicalLayer.relationalOperators,1173
1174,1174,3e6019af462039d1b64f0bc49b00929237bf3ea1,src\org\apache\pig\backend\hadoop\executionengine\mapReduceLayer\PigSplit.java,4795,7,0,ed5a96915b31d5d0e1d0b8eada901bec7b573b13,release-0.16.0-rc0,2016-02-05 05:59:02,release-0.16.0-rc0,,org.apache.pig.backend.hadoop.executionengine.mapReduceLayer.PigSplit,org.apache.pig.backend.hadoop.executionengine.mapReduceLayer,1174
1175,1175,c46908207cb89405eacac2d48fadfcea6d8a42fe,contrib\piggybank\java\src\main\java\org\apache\pig\piggybank\storage\avro\AvroStorage.java,4686,120,0,3e6019af462039d1b64f0bc49b00929237bf3ea1,release-0.16.0-rc0,2016-02-07 23:52:42,release-0.16.0-rc0,,org.apache.pig.piggybank.storage.avro.AvroStorage,org.apache.pig.piggybank.storage.avro,1175
1176,1176,d62953ec9e6dcbf99aa7a748c8cd81e36ee086da,src\org\apache\pig\backend\hadoop\executionengine\tez\plan\optimizer\UnionOptimizer.java,4790,120,0,c46908207cb89405eacac2d48fadfcea6d8a42fe,release-0.16.0-rc0,2016-02-10 18:11:46,release-0.16.0-rc0,,org.apache.pig.backend.hadoop.executionengine.tez.plan.optimizer.UnionOptimizer,org.apache.pig.backend.hadoop.executionengine.tez.plan.optimizer,1176
1177,1177,12211d8342ec2311d72b3d28a7016910b7447d8d,src\org\apache\pig\backend\hadoop\executionengine\tez\TezJobCompiler.java,4800,95,0,d62953ec9e6dcbf99aa7a748c8cd81e36ee086da,release-0.16.0-rc0,2016-02-10 18:17:48,release-0.16.0-rc0,,org.apache.pig.backend.hadoop.executionengine.tez.TezJobCompiler,org.apache.pig.backend.hadoop.executionengine.tez,1177
1178,1178,a19cc2e8a62da5ec536cc69ceaf7d35981b3bd00,src\org\apache\pig\backend\hadoop\executionengine\tez\plan\TezCompiler.java,4759,280,0,12211d8342ec2311d72b3d28a7016910b7447d8d,release-0.16.0-rc0,2016-02-10 21:20:15,release-0.16.0-rc0,,org.apache.pig.backend.hadoop.executionengine.tez.plan.TezCompiler,org.apache.pig.backend.hadoop.executionengine.tez.plan,1178
1179,1179,5fe8a4a3aef7ecdc8974575a413d74a2e137aa5f,src\org\apache\pig\backend\hadoop\executionengine\tez\runtime\PigProcessor.java,4801,94,0,d179b6c8e64423cca6dc44612f5c2315210857f1,release-0.16.0-rc0,2016-02-10 21:37:05,release-0.16.0-rc0,,org.apache.pig.backend.hadoop.executionengine.tez.runtime.PigProcessor,org.apache.pig.backend.hadoop.executionengine.tez.runtime,1179
1180,1180,a07e593e87faa566578fd365ed8d90b08774bafe,src\org\apache\pig\backend\hadoop\executionengine\tez\plan\TezPlanContainer.java,4759,559,0,5fe8a4a3aef7ecdc8974575a413d74a2e137aa5f,release-0.16.0-rc0,2016-02-12 15:38:35,release-0.16.0-rc0,,org.apache.pig.backend.hadoop.executionengine.tez.plan.TezPlanContainer,org.apache.pig.backend.hadoop.executionengine.tez.plan,1180
1181,1181,043a03b8cd48b4d0d8674115453d5416d0a8d938,src\org\apache\pig\builtin\PluckTuple.java,4808,44,0,a07e593e87faa566578fd365ed8d90b08774bafe,release-0.16.0-rc0,2016-02-15 06:26:08,release-0.16.0-rc0,,org.apache.pig.builtin.PluckTuple,org.apache.pig.builtin,1181
1182,1182,b4b2c86cd0f56750f2e6903bc50168f50bb4b055,src\org\apache\pig\backend\hadoop\executionengine\tez\runtime\PigProcessor.java,4806,12,0,6030e40bc1f3dea56cc63c2d1e71c5777b991327,release-0.16.0-rc0,2016-02-16 18:19:09,release-0.16.0-rc0,,org.apache.pig.backend.hadoop.executionengine.tez.runtime.PigProcessor,org.apache.pig.backend.hadoop.executionengine.tez.runtime,1182
1183,1183,ffcfb71b8d0718969fa35e52c5d6330e946dd08c,src\org\apache\pig\scripting\groovy\GroovyEvalFunc.java,4812,64,0,b4b2c86cd0f56750f2e6903bc50168f50bb4b055,release-0.16.0-rc0,2016-02-20 00:36:09,release-0.16.0-rc0,,org.apache.pig.scripting.groovy.GroovyEvalFunc,org.apache.pig.scripting.groovy,1183
1184,1184,35b601ffecef8535f2017f8b8e3e43afba803ab6,src\org\apache\pig\builtin\AvroStorage.java,4814,40,0,2da3eba4effa0a10158b558fccfe6098e0a67dcb,release-0.16.0-rc0,2016-02-20 00:39:57,release-0.16.0-rc0,,org.apache.pig.builtin.AvroStorage,org.apache.pig.builtin,1184
1185,1185,0d6c3ddab93db195954624a905d8e7c04704949f,src\org\apache\pig\backend\hadoop\executionengine\tez\plan\udf\ReadScalarsTez.java,4816,32,0,7bd12fd0d96f491a92cfff4b54f7f87005dd1661,release-0.16.0-rc0,2016-03-01 22:48:04,release-0.16.0-rc0,,org.apache.pig.backend.hadoop.executionengine.tez.plan.udf.ReadScalarsTez,org.apache.pig.backend.hadoop.executionengine.tez.plan.udf,1185
1186,1186,cb9fcce836b32e21351b3dd818976871dffe980e,src\org\apache\pig\builtin\RANDOM.java,4819,76,0,0d6c3ddab93db195954624a905d8e7c04704949f,release-0.16.0-rc0,2016-03-02 19:37:03,release-0.16.0-rc0,,org.apache.pig.builtin.RANDOM,org.apache.pig.builtin,1186
1187,1187,f5788e8db9d9a590645234d8bd4b4b7226b719b3,src\org\apache\pig\builtin\RANDOM.java,4819,144,0,cb9fcce836b32e21351b3dd818976871dffe980e,release-0.16.0-rc0,2016-03-03 20:56:58,release-0.16.0-rc0,,org.apache.pig.builtin.RANDOM,org.apache.pig.builtin,1187
1188,1188,27b153dbd688d8328e00d2d4bead84f3c879b2ae,src\org\apache\pig\backend\hadoop\executionengine\tez\TezResourceManager.java,4833,34,0,f5788e8db9d9a590645234d8bd4b4b7226b719b3,release-0.16.0-rc0,2016-03-09 18:30:02,release-0.16.0-rc0,,org.apache.pig.backend.hadoop.executionengine.tez.TezResourceManager,org.apache.pig.backend.hadoop.executionengine.tez,1188
1189,1189,5de019a0785911c2881dc816a2d616a10327938f,src\org\apache\pig\backend\hadoop\executionengine\physicalLayer\relationalOperators\POStore.java,4832,30,0,9562f478075624f15889f95b266296d6f607618e,release-0.16.0-rc0,2016-03-21 21:07:13,release-0.16.0-rc0,,org.apache.pig.backend.hadoop.executionengine.physicalLayer.relationalOperators.POStore,org.apache.pig.backend.hadoop.executionengine.physicalLayer.relationalOperators,1189
1190,1190,7a5da0b3fac0448344e0beab927a1d02c330e0f3,src\org\apache\pig\impl\PigContext.java,4845,323,0,6fdf6adff47509820a1fa26483ec308e577f5c04,release-0.16.0-rc0,2016-03-22 10:45:34,release-0.16.0-rc0,,org.apache.pig.impl.PigContext,org.apache.pig.impl,1190
1191,1191,aee44422b50c9a24b586f390382a7368e4589140,src\org\apache\pig\backend\hadoop\executionengine\mapReduceLayer\JobControlCompiler.java,4850,14,0,b7e6b31dab0ac8175fd860298d80037a54116be0,release-0.16.0-rc0,2016-03-26 05:51:19,release-0.16.0-rc0,,org.apache.pig.backend.hadoop.executionengine.mapReduceLayer.JobControlCompiler,org.apache.pig.backend.hadoop.executionengine.mapReduceLayer,1191
1192,1192,4ea921e2e7f8a9d25829f0b63cbc0049fdd1c5db,src\org\apache\pig\newplan\logical\rules\TypeCastInserter.java,4851,329,0,889be94ea159316bd97cd4b2264d24d4055ec85e,release-0.16.0-rc0,2016-03-28 16:58:33,release-0.16.0-rc0,,org.apache.pig.newplan.logical.rules.TypeCastInserter,org.apache.pig.newplan.logical.rules,1192
1193,1193,970bf8cca3e80870e9bfe462d9bb783095817628,src\org\apache\pig\backend\hadoop\executionengine\tez\TezLauncher.java,4867,110,0,767b3ee2c6858465b599c298837dbfac2c4f5c80,release-0.16.0-rc0,2016-04-12 19:23:56,release-0.16.0-rc0,,org.apache.pig.backend.hadoop.executionengine.tez.TezLauncher,org.apache.pig.backend.hadoop.executionengine.tez,1193
1194,1194,4cc26a5a7986362f93a34291ab78cced0def0adb,src\org\apache\pig\backend\hadoop\executionengine\tez\util\MRToTezHelper.java,4869,30,0,970bf8cca3e80870e9bfe462d9bb783095817628,release-0.16.0-rc0,2016-04-12 22:15:35,release-0.16.0-rc0,,org.apache.pig.backend.hadoop.executionengine.tez.util.MRToTezHelper,org.apache.pig.backend.hadoop.executionengine.tez.util,1194
1195,1195,26b60197e1c5cb694c0485ea51d31ea0b391ef72,src\org\apache\pig\backend\hadoop\executionengine\tez\plan\optimizer\TezOperDependencyParallelismEstimator.java,4868,80,0,4cc26a5a7986362f93a34291ab78cced0def0adb,release-0.16.0-rc0,2016-04-12 23:38:28,release-0.16.0-rc0,,org.apache.pig.backend.hadoop.executionengine.tez.plan.optimizer.TezOperDependencyParallelismEstimator,org.apache.pig.backend.hadoop.executionengine.tez.plan.optimizer,1195
1196,1196,a2b66e74f25d2f69f589e40f609e3e5ae159ae0c,src\org\apache\pig\builtin\OrcStorage.java,4860,10,0,40300960d2edaa8097e551dd8692e29d6018ffc4,release-0.16.0-rc0,2016-04-18 17:09:05,release-0.16.0-rc0,,org.apache.pig.builtin.OrcStorage,org.apache.pig.builtin,1196
1197,1197,484fab7055ad867b8cf5b32d33a7e406fd2ffbf9,contrib\piggybank\java\src\test\java\org\apache\pig\piggybank\test\storage\TestLogFormatLoader.java,4877,10,0,a2b66e74f25d2f69f589e40f609e3e5ae159ae0c,release-0.16.0-rc0,2016-04-22 22:47:13,release-0.16.0-rc0,,org.apache.pig.piggybank.test.storage.TestLogFormatLoader,org.apache.pig.piggybank.test.storage,1197
1198,1198,9bbefce51afae9a56a7bf79a5dfd1a29efe8ba25,src\org\apache\pig\impl\util\SpillableMemoryManager.java,4878,78,0,484fab7055ad867b8cf5b32d33a7e406fd2ffbf9,release-0.16.0-rc0,2016-04-25 00:59:20,release-0.16.0-rc0,,org.apache.pig.impl.util.SpillableMemoryManager,org.apache.pig.impl.util,1198
1199,1199,0c92ba695d0d036d40f23b56780348742cabde72,src\org\apache\pig\scripting\js\JsFunction.java,4641,8,0,a612b3c842efaa7571534b219938c5f504d3093d,release-0.16.0-rc0,2016-04-25 20:21:47,release-0.16.0-rc0,,org.apache.pig.scripting.js.JsFunction,org.apache.pig.scripting.js,1199
1200,1200,4117369f359b7cbe9533f1d45e64f235fef1c612,src\org\apache\pig\impl\plan\NodeIdGenerator.java,4581,292,0,0c92ba695d0d036d40f23b56780348742cabde72,release-0.16.0-rc0,2016-04-25 21:02:50,release-0.16.0-rc0,,org.apache.pig.impl.plan.NodeIdGenerator,org.apache.pig.impl.plan,1200
1201,1201,c137c58ae1f9730234d90f4bea26ab356cf28303,src\org\apache\pig\backend\hadoop\executionengine\tez\TezResourceManager.java,4833,14,0,a802ad83abd2a9b751896392b5f256691187fa1d,release-0.16.0-rc0,2016-04-28 14:51:07,release-0.16.0-rc0,,org.apache.pig.backend.hadoop.executionengine.tez.TezResourceManager,org.apache.pig.backend.hadoop.executionengine.tez,1201
1202,1202,0ed1e56cdc49580621444689f179cb1bb9cfc05f,src\org\apache\pig\parser\PigMacro.java,4888,20,0,ab9b141e9d24abd4c921bc999a758e4cfcad353b,release-0.16.0-rc0,2016-05-12 16:39:06,release-0.16.0-rc0,,org.apache.pig.parser.PigMacro,org.apache.pig.parser,1202
1203,1203,fbda3661b25d640233ff3ddcf0e69832170c11b4,src\org\apache\pig\parser\PigMacro.java,4880,55,0,8cc8c06ac886613f3c695209d92bf584576ad887,release-0.16.0-rc0,2016-05-12 16:46:27,release-0.16.0-rc0,,org.apache.pig.parser.PigMacro,org.apache.pig.parser,1203
1204,1204,9e644c5c0ea33265db7c2ec6c644a876772bb43e,src\org\apache\pig\backend\hadoop\executionengine\mapReduceLayer\MultiQueryOptimizer.java,4883,149,0,1b799daf2dea6343d7fb45881fc5a293ccdc5852,release-0.16.0-rc0,2016-05-13 17:41:49,release-0.16.0-rc0,,org.apache.pig.backend.hadoop.executionengine.mapReduceLayer.MultiQueryOptimizer,org.apache.pig.backend.hadoop.executionengine.mapReduceLayer,1204
1205,1205,098447b41c85b7f0aa18d2e29c8145623644a710,src\org\apache\pig\backend\hadoop\executionengine\tez\runtime\PigProcessor.java,4895,36,0,9e644c5c0ea33265db7c2ec6c644a876772bb43e,release-0.16.0-rc0,2016-05-16 17:29:26,release-0.16.0-rc0,,org.apache.pig.backend.hadoop.executionengine.tez.runtime.PigProcessor,org.apache.pig.backend.hadoop.executionengine.tez.runtime,1205
1206,1206,6e19aa5c51829f525149c5ef6de69395599deacb,src\org\apache\pig\backend\hadoop\executionengine\mapReduceLayer\PigSplit.java,4873,40,0,a58d3088c37a153fe565f0b9dd7cb208e6c5ac56,release-0.16.0-rc0,2016-05-17 19:48:52,release-0.16.0-rc0,,org.apache.pig.backend.hadoop.executionengine.mapReduceLayer.PigSplit,org.apache.pig.backend.hadoop.executionengine.mapReduceLayer,1206
1207,1207,ce1103d7de2170a1f6ec83d5a6b10fd13d309351,src\org\apache\pig\PigServer.java,4908,95,0,15016b75ff76d909b25f0b19bf8a7d5d36969801,release-0.17.0-rc0,2016-05-23 21:20:29,release-0.17.0-rc0,,org.apache.pig.PigServer,org.apache.pig,1207
1208,1208,3e10748fbcba054aac1ebcf2cf912b9d1364cc07,src\org\apache\pig\builtin\PigStorage.java,4909,10,0,ce1103d7de2170a1f6ec83d5a6b10fd13d309351,release-0.17.0-rc0,2016-05-24 13:21:00,release-0.17.0-rc0,,org.apache.pig.builtin.PigStorage,org.apache.pig.builtin,1208
1209,1209,ff2facf8a2ec778a54f3713fe90a14cc6d6c4da7,src\org\apache\pig\backend\hadoop\executionengine\tez\plan\optimizer\TezOperDependencyParallelismEstimator.java,4902,10,0,3e10748fbcba054aac1ebcf2cf912b9d1364cc07,release-0.17.0-rc0,2016-05-24 18:11:35,release-0.17.0-rc0,,org.apache.pig.backend.hadoop.executionengine.tez.plan.optimizer.TezOperDependencyParallelismEstimator,org.apache.pig.backend.hadoop.executionengine.tez.plan.optimizer,1209
1210,1210,4ed079f19ae54c6f7b29ce99fc0f099a79b65a2f,contrib\piggybank\java\src\main\java\org\apache\pig\piggybank\evaluation\util\apachelogparser\SearchEngineExtractor.java,3227,47,0,f25d3bd229984c72d05f352f014b762b34bfaa08,release-0.17.0-rc0,2016-05-31 06:36:51,release-0.17.0-rc0,,org.apache.pig.piggybank.evaluation.util.apachelogparser.SearchEngineExtractor,org.apache.pig.piggybank.evaluation.util.apachelogparser,1210
1211,1211,f8cb87f386f292e122f5ff8223f7299bb5a13ea2,src\org\apache\pig\backend\hadoop\executionengine\tez\TezDagBuilder.java,4786,15,0,4ed079f19ae54c6f7b29ce99fc0f099a79b65a2f,release-0.17.0-rc0,2016-05-31 19:47:20,release-0.17.0-rc0,,org.apache.pig.backend.hadoop.executionengine.tez.TezDagBuilder,org.apache.pig.backend.hadoop.executionengine.tez,1211
1212,1212,e61d517e91c6c598c2e478f3541cdeecfe63b679,src\org\apache\pig\newplan\logical\relational\LogicalSchema.java,4734,185,0,f8cb87f386f292e122f5ff8223f7299bb5a13ea2,release-0.17.0-rc0,2016-05-31 19:49:00,release-0.17.0-rc0,,org.apache.pig.newplan.logical.relational.LogicalSchema,org.apache.pig.newplan.logical.relational,1212
1213,1213,606c92f4566dc0fbc41803087006b5f9024a5ba1,src\org\apache\pig\scripting\ScriptEngine.java,4908,69,0,e61d517e91c6c598c2e478f3541cdeecfe63b679,release-0.17.0-rc0,2016-05-31 19:58:21,release-0.17.0-rc0,,org.apache.pig.scripting.ScriptEngine,org.apache.pig.scripting,1213
1214,1214,a04272379bd9edab1afeeb1ca008bdceaee7f88d,src\org\apache\pig\data\utils\SedesHelper.java,4821,72,0,606c92f4566dc0fbc41803087006b5f9024a5ba1,release-0.17.0-rc0,2016-05-31 22:59:49,release-0.17.0-rc0,,org.apache.pig.data.utils.SedesHelper,org.apache.pig.data.utils,1214
1215,1215,e5d50c484e772c4cae16d8f790cbb406709b8497,src\org\apache\pig\Main.java,4916,28,0,11bb11dc552df7fed22708339892a9cf75aff07f,release-0.17.0-rc0,2016-06-06 22:13:29,release-0.17.0-rc0,,org.apache.pig.Main,org.apache.pig,1215
1216,1216,c34e2b546762c1f341b560ce6efe1d802c765095,src\org\apache\pig\backend\hadoop\executionengine\tez\TezSessionManager.java,4921,168,0,e5d50c484e772c4cae16d8f790cbb406709b8497,release-0.17.0-rc0,2016-06-08 09:24:21,release-0.17.0-rc0,,org.apache.pig.backend.hadoop.executionengine.tez.TezSessionManager,org.apache.pig.backend.hadoop.executionengine.tez,1216
1217,1217,d4a9e6ae1ebcd1202c91ca27e07a37c6e1bc9269,src\org\apache\pig\newplan\logical\visitor\ForEachUserSchemaVisitor.java,2315,779,0,74ef405680e0c3f020fc199ffc0ae76c935252ee,release-0.17.0-rc0,2016-06-14 19:14:39,release-0.17.0-rc0,,org.apache.pig.newplan.logical.visitor.ForEachUserSchemaVisitor,org.apache.pig.newplan.logical.visitor,1217
1218,1218,3bb69a429dc03ed6bc93cea8c3813270398eed14,src\org\apache\pig\tools\parameters\PreprocessorContext.java,4896,259,0,d4a9e6ae1ebcd1202c91ca27e07a37c6e1bc9269,release-0.17.0-rc0,2016-06-15 19:20:30,release-0.17.0-rc0,,org.apache.pig.tools.parameters.PreprocessorContext,org.apache.pig.tools.parameters,1218
1219,1219,4bcad4bb2d34010c8c0f194f2722cbdf5903051b,src\org\apache\pig\parser\RegisterResolver.java,4949,116,0,86a0e1bd54869c00875eab13da2f9243cbe86a3f,release-0.17.0-rc0,2016-07-16 05:05:34,release-0.17.0-rc0,,org.apache.pig.parser.RegisterResolver,org.apache.pig.parser,1219
1220,1220,a15677d2c0119541e4bd736ee9e7dff094a9e364,contrib\piggybank\java\src\main\java\org\apache\pig\piggybank\evaluation\xml\XPath.java,4938,333,0,4bcad4bb2d34010c8c0f194f2722cbdf5903051b,release-0.17.0-rc0,2016-07-16 20:47:47,release-0.17.0-rc0,,org.apache.pig.piggybank.evaluation.xml.XPath,org.apache.pig.piggybank.evaluation.xml,1220
1221,1221,8783975d8aac49becf2604daf5a8d836b1a86554,src\org\apache\pig\Main.java,4950,55,0,053f1c3b0c9170be032f1ecddb1a3d9fb4d8bad7,release-0.17.0-rc0,2016-07-17 08:26:42,release-0.17.0-rc0,,org.apache.pig.Main,org.apache.pig,1221
1222,1222,d0ccdc3e6b8db158868860a3cc579c05e5c1eb42,src\org\apache\pig\newplan\FilterExtractor.java,4940,105,0,8783975d8aac49becf2604daf5a8d836b1a86554,release-0.17.0-rc0,2016-07-19 00:48:41,release-0.17.0-rc0,,org.apache.pig.newplan.FilterExtractor,org.apache.pig.newplan,1222
1223,1223,a4ee8e5d568c910fded13698c0c28a64ac46fd2e,src\org\apache\pig\PigConfiguration.java,4948,27,0,d0ccdc3e6b8db158868860a3cc579c05e5c1eb42,release-0.17.0-rc0,2016-07-19 01:26:27,release-0.17.0-rc0,,org.apache.pig.PigConfiguration,org.apache.pig,1223
1224,1224,d1ea940063270199e57c5efde9fbf76912773c7a,src\org\apache\pig\backend\hadoop\hbase\HBaseStorage.java,4947,20,0,a4ee8e5d568c910fded13698c0c28a64ac46fd2e,release-0.17.0-rc0,2016-07-21 20:37:43,release-0.17.0-rc0,,org.apache.pig.backend.hadoop.hbase.HBaseStorage,org.apache.pig.backend.hadoop.hbase,1224
1225,1225,81f44dec928e9208449b707b246ef5d38ef6d88e,src\org\apache\pig\newplan\FilterExtractor.java,4953,95,0,d1ea940063270199e57c5efde9fbf76912773c7a,release-0.17.0-rc0,2016-07-22 05:13:04,release-0.17.0-rc0,,org.apache.pig.newplan.FilterExtractor,org.apache.pig.newplan,1225
1226,1226,02d09f2b2eeb596e1023b84ee23d3a65894fa257,src\org\apache\pig\backend\hadoop\executionengine\mapReduceLayer\MapReduceLauncher.java,4957,20,0,81f44dec928e9208449b707b246ef5d38ef6d88e,release-0.17.0-rc0,2016-07-25 19:32:55,release-0.17.0-rc0,,org.apache.pig.backend.hadoop.executionengine.mapReduceLayer.MapReduceLauncher,org.apache.pig.backend.hadoop.executionengine.mapReduceLayer,1226
1227,1227,3efe0295f50a5a1c8851584b50ef4f6db167bd97,src\org\apache\pig\backend\hadoop\executionengine\physicalLayer\relationalOperators\POReservoirSample.java,4960,55,0,161b49b4682e661850a949824958ba48d7defb69,release-0.17.0-rc0,2016-07-26 12:15:55,release-0.17.0-rc0,,org.apache.pig.backend.hadoop.executionengine.physicalLayer.relationalOperators.POReservoirSample,org.apache.pig.backend.hadoop.executionengine.physicalLayer.relationalOperators,1227
1228,1228,bd8a0cd07f51218af4e9294b208f4e264470297b,src\org\apache\pig\backend\hadoop\executionengine\physicalLayer\relationalOperators\POForEach.java,4961,45,0,3efe0295f50a5a1c8851584b50ef4f6db167bd97,release-0.17.0-rc0,2016-07-26 12:25:49,release-0.17.0-rc0,,org.apache.pig.backend.hadoop.executionengine.physicalLayer.relationalOperators.POForEach,org.apache.pig.backend.hadoop.executionengine.physicalLayer.relationalOperators,1228
1229,1229,b844451831361ed8b56c663daa193bebeafa5290,src\org\apache\pig\backend\hadoop\executionengine\tez\TezLauncher.java,4935,10,0,bd8a0cd07f51218af4e9294b208f4e264470297b,release-0.17.0-rc0,2016-07-26 22:13:40,release-0.17.0-rc0,,org.apache.pig.backend.hadoop.executionengine.tez.TezLauncher,org.apache.pig.backend.hadoop.executionengine.tez,1229
1230,1230,7065b849a8d4d67eb9f03340d1b8e0987197e476,src\org\apache\pig\newplan\logical\visitor\ForEachUserSchemaVisitor.java,4933,373,0,f6de191c2ec75a092bdeec500083665f3e401f03,release-0.17.0-rc0,2016-08-11 15:27:32,release-0.17.0-rc0,,org.apache.pig.newplan.logical.visitor.ForEachUserSchemaVisitor,org.apache.pig.newplan.logical.visitor,1230
1231,1231,dc54571be938015c2d1b00694c845101a8404127,shims\src\hadoop23\org\apache\pig\backend\hadoop23\PigJobControl.java,4967,65,0,2babe53b41bf374701851f53e97e27883a8b1bc9,release-0.17.0-rc0,2016-09-01 06:47:04,release-0.17.0-rc0,,org.apache.pig.backend.hadoop23.PigJobControl,org.apache.pig.backend.hadoop23,1231
1232,1232,236757798a94dbeec31985e4be29dea739b03574,src\org\apache\pig\backend\hadoop\executionengine\physicalLayer\expressionOperators\Divide.java,4973,68,0,dc54571be938015c2d1b00694c845101a8404127,release-0.17.0-rc0,2016-09-01 07:54:10,release-0.17.0-rc0,,org.apache.pig.backend.hadoop.executionengine.physicalLayer.expressionOperators.Divide,org.apache.pig.backend.hadoop.executionengine.physicalLayer.expressionOperators,1232
1233,1233,1ea399f9f518693a466eb20fc94bd8f4091c3fa5,src\org\apache\pig\newplan\logical\expression\MapLookupExpression.java,4975,12,0,236757798a94dbeec31985e4be29dea739b03574,release-0.17.0-rc0,2016-09-01 17:02:15,release-0.17.0-rc0,,org.apache.pig.newplan.logical.expression.MapLookupExpression,org.apache.pig.newplan.logical.expression,1233
1234,1234,1a7ec792ecc7a471d154a9db2d2157bb6578c0fd,src\org\apache\pig\newplan\logical\visitor\LineageFindRelVisitor.java,4974,47,0,c59ec6aa7a461db9d9c520e644b101d399ab2775,release-0.17.0-rc0,2016-09-08 19:41:02,release-0.17.0-rc0,,org.apache.pig.newplan.logical.visitor.LineageFindRelVisitor,org.apache.pig.newplan.logical.visitor,1234
1235,1235,af584172cec9f680245a3da76b68b01a0393facb,src\org\apache\pig\backend\hadoop\executionengine\mapReduceLayer\PigHadoopLogger.java,5019,38,0,1a7ec792ecc7a471d154a9db2d2157bb6578c0fd,release-0.17.0-rc0,2016-09-12 17:22:46,release-0.17.0-rc0,,org.apache.pig.backend.hadoop.executionengine.mapReduceLayer.PigHadoopLogger,org.apache.pig.backend.hadoop.executionengine.mapReduceLayer,1235
1236,1236,308673a782c86cd4bffa330b51e9b8f26a624536,src\org\apache\pig\backend\hadoop\executionengine\tez\plan\TezCompiler.java,5031,7,0,a5c826ce1db50e51db35856ea59b3d86de563c0b,release-0.17.0-rc0,2016-09-13 21:32:43,release-0.17.0-rc0,,org.apache.pig.backend.hadoop.executionengine.tez.plan.TezCompiler,org.apache.pig.backend.hadoop.executionengine.tez.plan,1236
1237,1237,19c9d91aa66d3b3d102dbf44437958f5b7957098,src\org\apache\pig\tools\pigstats\tez\TezVertexStats.java,5032,199,0,308673a782c86cd4bffa330b51e9b8f26a624536,release-0.17.0-rc0,2016-09-14 20:28:40,release-0.17.0-rc0,,org.apache.pig.tools.pigstats.tez.TezVertexStats,org.apache.pig.tools.pigstats.tez,1237
1238,1238,9cee90473788376e1b9f677420d15945e9f6944d,src\org\apache\pig\backend\hadoop\executionengine\tez\TezLauncher.java,5035,10,0,19c9d91aa66d3b3d102dbf44437958f5b7957098,release-0.17.0-rc0,2016-09-30 16:24:13,release-0.17.0-rc0,,org.apache.pig.backend.hadoop.executionengine.tez.TezLauncher,org.apache.pig.backend.hadoop.executionengine.tez,1238
1239,1239,b37a9e68b3125f6e3c05aa1ee3427d5466ee99f5,src\org\apache\pig\impl\streaming\ExecutableManager.java,4976,275,0,02bf5496304fd1d63ac2885cc4a35c43e25596a3,release-0.17.0-rc0,2016-10-04 17:50:53,release-0.17.0-rc0,,org.apache.pig.impl.streaming.ExecutableManager,org.apache.pig.impl.streaming,1239
1240,1240,b47249340f8410172ec2c7db5c12f762ad92d36d,src\org\apache\pig\newplan\logical\visitor\ForEachUserSchemaVisitor.java,3087,50,0,b37a9e68b3125f6e3c05aa1ee3427d5466ee99f5,release-0.17.0-rc0,2016-10-06 19:10:11,release-0.17.0-rc0,,org.apache.pig.newplan.logical.visitor.ForEachUserSchemaVisitor,org.apache.pig.newplan.logical.visitor,1240
1241,1241,c3a523ab12f1451a416a5243f66636e5bb30d3e3,src\org\apache\pig\pen\LocalMapReduceSimulator.java,5040,193,0,0aef0f6b86661dcc64b34efe127760a2150a3419,release-0.17.0-rc0,2016-10-17 15:17:17,release-0.17.0-rc0,,org.apache.pig.pen.LocalMapReduceSimulator,org.apache.pig.pen,1241
1242,1242,d7a8a2bd153eea4323d2fd186ac7aa38d4cc684d,src\org\apache\pig\backend\hadoop\executionengine\tez\runtime\HashValuePartitioner.java,5041,245,0,c3a523ab12f1451a416a5243f66636e5bb30d3e3,release-0.17.0-rc0,2016-10-17 15:22:57,release-0.17.0-rc0,,org.apache.pig.backend.hadoop.executionengine.tez.runtime.HashValuePartitioner,org.apache.pig.backend.hadoop.executionengine.tez.runtime,1242
1243,1243,ded586162c052e2fb352bfa9e3a80b90f3eca46f,contrib\piggybank\java\src\main\java\org\apache\pig\piggybank\storage\CSVExcelStorage.java,5045,10,0,e043d33b08601654023edb0c1456b7e4cbca0d94,release-0.17.0-rc0,2016-10-22 00:27:46,release-0.17.0-rc0,,org.apache.pig.piggybank.storage.CSVExcelStorage,org.apache.pig.piggybank.storage,1243
1244,1244,541fb10cf28a00634b65829df14bb2ce580bbdf0,src\org\apache\pig\parser\LogicalPlanBuilder.java,4798,60,0,e9bece6887cdf34115e313cd894d3a68ee261d85,release-0.17.0-rc0,2016-10-27 20:18:02,release-0.17.0-rc0,,org.apache.pig.parser.LogicalPlanBuilder,org.apache.pig.parser,1244
1245,1245,a659ca9f7c821c354bba6935e32843d450901322,src\org\apache\pig\backend\hadoop\datastorage\ConfigurationUtil.java,4934,52,0,541fb10cf28a00634b65829df14bb2ce580bbdf0,release-0.17.0-rc0,2016-10-27 20:24:40,release-0.17.0-rc0,,org.apache.pig.backend.hadoop.datastorage.ConfigurationUtil,org.apache.pig.backend.hadoop.datastorage,1245
1246,1246,3fdc842b63fd4e99ed8d3b343666e32005c6c8d6,src\org\apache\pig\backend\hadoop\executionengine\tez\plan\optimizer\MultiQueryOptimizerTez.java,5033,50,0,ddd85516144451f036659049be7dd30f99e3f6e2,release-0.17.0-rc0,2016-10-31 15:55:56,release-0.17.0-rc0,,org.apache.pig.backend.hadoop.executionengine.tez.plan.optimizer.MultiQueryOptimizerTez,org.apache.pig.backend.hadoop.executionengine.tez.plan.optimizer,1246
1247,1247,9f9885779ed0261a58747d323c504ac4d4bedc7a,src\org\apache\pig\backend\hadoop\executionengine\physicalLayer\relationalOperators\POForEach.java,5048,14,0,27a7a0c6311ef0a3c6c9712b96df2c3e95c77735,release-0.17.0-rc0,2016-11-09 18:00:18,release-0.17.0-rc0,,org.apache.pig.backend.hadoop.executionengine.physicalLayer.relationalOperators.POForEach,org.apache.pig.backend.hadoop.executionengine.physicalLayer.relationalOperators,1247
1248,1248,f884d3f69f292113d87efe1a5d2fa8ad991d776c,src\org\apache\pig\newplan\logical\rules\AddForEach.java,5055,8,0,e3e3b633685a4e060530b51ca54f62355c599ae7,release-0.17.0-rc0,2016-11-10 18:05:16,release-0.17.0-rc0,,org.apache.pig.newplan.logical.rules.AddForEach,org.apache.pig.newplan.logical.rules,1248
1249,1249,d4843c45adec2fc6684aa6bf821bd8ac2592dd79,src\org\apache\pig\impl\util\avro\AvroStorageDataConversionUtilities.java,5056,12,0,f884d3f69f292113d87efe1a5d2fa8ad991d776c,release-0.17.0-rc0,2016-11-10 23:14:52,release-0.17.0-rc0,,org.apache.pig.impl.util.avro.AvroStorageDataConversionUtilities,org.apache.pig.impl.util.avro,1249
1250,1250,347117161ac1fa974722ec77c3c277d31fa94f15,src\org\apache\pig\newplan\logical\visitor\UnionOnSchemaSetter.java,5067,89,0,0eeec7258be5fb5233545ccde2c1dc0befa0b836,release-0.17.0-rc0,2016-12-02 15:53:19,release-0.17.0-rc0,,org.apache.pig.newplan.logical.visitor.UnionOnSchemaSetter,org.apache.pig.newplan.logical.visitor,1250
1251,1251,3adf82bbd8d6c324e5a09554f5064c316af071a3,contrib\piggybank\java\src\test\java\org\apache\pig\piggybank\test\storage\TestMultiStorage.java,3891,510,0,347117161ac1fa974722ec77c3c277d31fa94f15,release-0.17.0-rc0,2016-12-02 17:26:56,release-0.17.0-rc0,,org.apache.pig.piggybank.test.storage.TestMultiStorage,org.apache.pig.piggybank.test.storage,1251
1252,1252,d9703c9e153e217ae46b8c2c2ab73126ac6310a7,src\org\apache\pig\backend\hadoop\executionengine\mapReduceLayer\MRCompiler.java,3417,12,0,d2de56aad939c7c77324066a6f29cc211e29a077,release-0.17.0-rc0,2016-12-19 20:15:13,release-0.17.0-rc0,,org.apache.pig.backend.hadoop.executionengine.mapReduceLayer.MRCompiler,org.apache.pig.backend.hadoop.executionengine.mapReduceLayer,1252
1253,1253,0a4484be7fc335362c462b97808627afadf07fa2,src\org\apache\pig\tools\parameters\PreprocessorContext.java,4897,370,0,edca45680842faf8772ea36877252d68994e1dee,release-0.17.0-rc0,2017-01-10 21:13:34,release-0.17.0-rc0,,org.apache.pig.tools.parameters.PreprocessorContext,org.apache.pig.tools.parameters,1253
1254,1254,792f2ec1f63ba774258279cdb63c0ed9e9d24905,src\org\apache\pig\backend\hadoop\executionengine\tez\TezDagBuilder.java,5043,363,0,0a4484be7fc335362c462b97808627afadf07fa2,release-0.17.0-rc0,2017-01-11 15:42:56,release-0.17.0-rc0,,org.apache.pig.backend.hadoop.executionengine.tez.TezDagBuilder,org.apache.pig.backend.hadoop.executionengine.tez,1254
1255,1255,dd7b788b6e6375e3cca820f95ef842d29c2de181,src\org\apache\pig\backend\hadoop\executionengine\tez\runtime\HashValuePartitioner.java,5088,36,0,792f2ec1f63ba774258279cdb63c0ed9e9d24905,release-0.17.0-rc0,2017-01-12 00:08:17,release-0.17.0-rc0,,org.apache.pig.backend.hadoop.executionengine.tez.runtime.HashValuePartitioner,org.apache.pig.backend.hadoop.executionengine.tez.runtime,1255
1256,1256,93221d9d3886bafdee85f0dcd849712635e439ba,src\org\apache\pig\backend\hadoop\executionengine\tez\plan\optimizer\UnionOptimizer.java,5078,185,0,3ff42017229f81fe6b54d8d44e606863f6f59e3a,release-0.17.0-rc0,2017-01-17 17:43:00,release-0.17.0-rc0,,org.apache.pig.backend.hadoop.executionengine.tez.plan.optimizer.UnionOptimizer,org.apache.pig.backend.hadoop.executionengine.tez.plan.optimizer,1256
1257,1257,b8edc2f6494a64d064e7c4e262c5080ff5ca36d9,src\org\apache\pig\backend\hadoop\executionengine\tez\TezResourceManager.java,4918,8,0,93221d9d3886bafdee85f0dcd849712635e439ba,release-0.17.0-rc0,2017-01-18 00:11:43,release-0.17.0-rc0,,org.apache.pig.backend.hadoop.executionengine.tez.TezResourceManager,org.apache.pig.backend.hadoop.executionengine.tez,1257
1258,1258,d8d3855a6eb1c518a7e69c09b9e2c1f0f5ecc286,src\org\apache\pig\backend\hadoop\executionengine\tez\plan\operator\POShuffleTezLoad.java,5083,765,0,b8edc2f6494a64d064e7c4e262c5080ff5ca36d9,release-0.17.0-rc0,2017-01-18 13:37:56,release-0.17.0-rc0,,org.apache.pig.backend.hadoop.executionengine.tez.plan.operator.POShuffleTezLoad,org.apache.pig.backend.hadoop.executionengine.tez.plan.operator,1258
1259,1259,6f09d8158ddbf09f9624d9b3a57a2f1b58eae028,src\org\apache\pig\data\DistinctDataBag.java,4260,166,0,d8d3855a6eb1c518a7e69c09b9e2c1f0f5ecc286,release-0.17.0-rc0,2017-01-18 15:39:09,release-0.17.0-rc0,,org.apache.pig.data.DistinctDataBag,org.apache.pig.data,1259
1260,1260,01194f02a09d4b81595ca28f41c5b4bcb564c326,src\org\apache\pig\impl\util\avro\AvroTupleWrapper.java,5108,32,0,9e280062373d817221e2466ce1234741ad964f44,release-0.17.0-rc0,2017-01-18 23:51:01,release-0.17.0-rc0,,org.apache.pig.impl.util.avro.AvroTupleWrapper,org.apache.pig.impl.util.avro,1260
1261,1261,468eb2c5ef50d2f5b52715186b6d2c3798415a7b,src\org\apache\pig\backend\hadoop\executionengine\tez\runtime\PartitionerDefinedVertexManager.java,5046,369,0,01194f02a09d4b81595ca28f41c5b4bcb564c326,release-0.17.0-rc0,2017-01-19 13:45:13,release-0.17.0-rc0,,org.apache.pig.backend.hadoop.executionengine.tez.runtime.PartitionerDefinedVertexManager,org.apache.pig.backend.hadoop.executionengine.tez.runtime,1261
1262,1262,a5f1f5da69d788afa3513ebdf162ea8edcfe2a91,src\org\apache\pig\backend\hadoop\executionengine\tez\plan\operator\POSimpleTezLoad.java,5108,48,0,468eb2c5ef50d2f5b52715186b6d2c3798415a7b,release-0.17.0-rc0,2017-01-23 17:30:59,release-0.17.0-rc0,,org.apache.pig.backend.hadoop.executionengine.tez.plan.operator.POSimpleTezLoad,org.apache.pig.backend.hadoop.executionengine.tez.plan.operator,1262
1263,1263,ae90791a19280cd90e53d5166181243aa8f2358d,src\org\apache\pig\backend\hadoop\executionengine\tez\plan\TezPlanContainer.java,5118,1075,0,6b3f98bb6c1fb1af6c53761658993597452ce0a4,release-0.17.0-rc0,2017-01-30 18:52:20,release-0.17.0-rc0,,org.apache.pig.backend.hadoop.executionengine.tez.plan.TezPlanContainer,org.apache.pig.backend.hadoop.executionengine.tez.plan,1263
1264,1264,59b71afbce5403aea90d07164400c28f4bb637a9,src\org\apache\pig\tools\grunt\ConsoleReaderInputStream.java,5159,21,0,64780cdab65ad00a80f59c8295f8c5064ed24de3,release-0.17.0-rc0,2017-03-01 22:20:47,release-0.17.0-rc0,,org.apache.pig.tools.grunt.ConsoleReaderInputStream,org.apache.pig.tools.grunt,1264
1265,1265,90b84f6608c1e6629733cb54811070b9e1698c88,src\org\apache\pig\backend\hadoop\executionengine\tez\plan\TezPlanContainer.java,5173,60,0,59b71afbce5403aea90d07164400c28f4bb637a9,release-0.17.0-rc0,2017-03-03 20:14:02,release-0.17.0-rc0,,org.apache.pig.backend.hadoop.executionengine.tez.plan.TezPlanContainer,org.apache.pig.backend.hadoop.executionengine.tez.plan,1265
1266,1266,6fadf662cd5f987301265c9a15258c8dd6e45efb,src\org\apache\pig\backend\hadoop\executionengine\physicalLayer\relationalOperators\POSplit.java,5198,15,0,aac9c9b774dd0f80ecce825891b3327e06ca8770,release-0.17.0-rc0,2017-03-28 15:02:36,release-0.17.0-rc0,,org.apache.pig.backend.hadoop.executionengine.physicalLayer.relationalOperators.POSplit,org.apache.pig.backend.hadoop.executionengine.physicalLayer.relationalOperators,1266
1267,1267,2c8f39046cc5e17f643575cb00bc327ebc34a964,src\org\apache\pig\backend\hadoop\executionengine\mapReduceLayer\MapReduceLauncher.java,4677,314,0,6fadf662cd5f987301265c9a15258c8dd6e45efb,release-0.17.0-rc0,2017-03-30 14:24:51,release-0.17.0-rc0,,org.apache.pig.backend.hadoop.executionengine.mapReduceLayer.MapReduceLauncher,org.apache.pig.backend.hadoop.executionengine.mapReduceLayer,1267
1268,1268,3288de65bcbb103c6699cdc1f85612a6dca40492,src\org\apache\pig\backend\hadoop\executionengine\physicalLayer\relationalOperators\POForEach.java,5209,30,0,2d2f407d54901124c09de9028221cd665e42c5a2,release-0.17.0-rc0,2017-04-03 16:43:18,release-0.17.0-rc0,,org.apache.pig.backend.hadoop.executionengine.physicalLayer.relationalOperators.POForEach,org.apache.pig.backend.hadoop.executionengine.physicalLayer.relationalOperators,1268
1269,1269,fb7981031cd71fb934701eaa928dacde16b7ce8f,src\org\apache\pig\newplan\logical\rules\NestedLimitOptimizer.java,5223,44,0,b6d11415b4c503d5977a54d24ca42e7ccdf9f254,release-0.17.0-rc0,2017-04-15 05:31:01,release-0.17.0-rc0,,org.apache.pig.newplan.logical.rules.NestedLimitOptimizer,org.apache.pig.newplan.logical.rules,1269
1270,1270,5ba2de6ae53157f6d67a8e93622a4f8917f17507,src\org\apache\pig\tools\parameters\PreprocessorContext.java,5226,342,0,38c835ed702799f69dc2fa1ad0fbeab25e42c111,release-0.17.0-rc0,2017-04-28 14:32:38,release-0.17.0-rc0,,org.apache.pig.tools.parameters.PreprocessorContext,org.apache.pig.tools.parameters,1270
1271,1271,6543726eb81ebaffff35b8785cd3bb7541c612ee,src\org\apache\pig\backend\hadoop\DateTimeWritable.java,4748,240,0,4d6e5be59470dcb4d8516e98ba0655e97acca216,release-0.17.0-rc0,2017-05-22 19:46:08,release-0.17.0-rc0,,org.apache.pig.backend.hadoop.DateTimeWritable,org.apache.pig.backend.hadoop,1271
1272,1272,f2d7f3afdd3e442b6da71e50e0f2d8f3a491c36b,src\org\apache\pig\scripting\BoundScript.java,5185,31,0,6543726eb81ebaffff35b8785cd3bb7541c612ee,release-0.17.0-rc0,2017-05-25 00:16:43,release-0.17.0-rc0,,org.apache.pig.scripting.BoundScript,org.apache.pig.scripting,1272
1273,1273,9287611c3f889a0d2c903781aa4cc8c743d6d8e3,src\org\apache\pig\parser\LogicalPlanBuilder.java,3021,49,0,f2d7f3afdd3e442b6da71e50e0f2d8f3a491c36b,release-0.17.0-rc0,2017-05-25 07:07:55,release-0.17.0-rc0,,org.apache.pig.parser.LogicalPlanBuilder,org.apache.pig.parser,1273
1274,1274,ee5e644dcf6f078390de7c605286de29b1534cec,src\org\apache\pig\newplan\logical\relational\LOGenerate.java,5235,80,0,967effd6c0b75faf48dfa97fd9785806a11079e5,release-0.17.0-rc0,2017-05-25 15:11:07,release-0.17.0-rc0,,org.apache.pig.newplan.logical.relational.LOGenerate,org.apache.pig.newplan.logical.relational,1274
1275,1275,2fb9caffed2aa009f0930a5f2d9a4e4da16e629d,src\org\apache\pig\builtin\PigStorage.java,5231,62,0,f16bdaa6a2eb700418180856f7dc3b691c48cd7b,release-0.17.0-rc0,2017-05-25 20:15:13,release-0.17.0-rc0,,org.apache.pig.builtin.PigStorage,org.apache.pig.builtin,1275
1276,1276,f831f8d933920d50b3e1b0ed72161da5527d127b,contrib\piggybank\java\src\main\java\org\apache\pig\piggybank\storage\avro\AvroStorage.java,5236,51,0,2fb9caffed2aa009f0930a5f2d9a4e4da16e629d,release-0.17.0-rc0,2017-05-26 22:16:47,release-0.17.0-rc0,,org.apache.pig.piggybank.storage.avro.AvroStorage,org.apache.pig.piggybank.storage.avro,1276
1277,1277,5c551029a179a5c13085da8b85da2d39a5babb3c,src\org\apache\pig\backend\hadoop\executionengine\tez\runtime\PigProcessor.java,4700,198,0,a2511192976987fe9540ae28f0b2d521b8767798,trunk,2017-06-05 20:56:21,trunk,,org.apache.pig.backend.hadoop.executionengine.tez.runtime.PigProcessor,org.apache.pig.backend.hadoop.executionengine.tez.runtime,1277
1278,1278,850e0ac36f3f78edc79d74c137c77995a11548b4,src\org\apache\pig\backend\hadoop\executionengine\physicalLayer\relationalOperators\PODemux.java,4548,70,0,72e1ad66ab084933f49c42b47a6538f74bc333f1,trunk,2017-06-26 16:37:39,trunk,,org.apache.pig.backend.hadoop.executionengine.physicalLayer.relationalOperators.PODemux,org.apache.pig.backend.hadoop.executionengine.physicalLayer.relationalOperators,1278
1279,1279,472444a5c5536cd8377945c53c1979c46c5a598e,contrib\piggybank\java\src\test\java\org\apache\pig\piggybank\test\storage\avro\TestAvroStorageUtils.java,5263,234,0,850e0ac36f3f78edc79d74c137c77995a11548b4,trunk,2017-06-29 22:36:33,trunk,,org.apache.pig.piggybank.test.storage.avro.TestAvroStorageUtils,org.apache.pig.piggybank.test.storage.avro,1279
1280,1280,9b4bbd615022b134884a0a258ad64908e5cba16d,src\org\apache\pig\tools\pigstats\mapreduce\MRJobStats.java,5269,16,0,472444a5c5536cd8377945c53c1979c46c5a598e,trunk,2017-07-07 08:38:49,trunk,,org.apache.pig.tools.pigstats.mapreduce.MRJobStats,org.apache.pig.tools.pigstats.mapreduce,1280
1281,1281,756cf39da94c39e69a553dfce23592e296e34603,src\org\apache\pig\data\SchemaTupleFrontend.java,5270,10,0,74fc9242895a54abdca9e2126b4fe2e8a5207d8c,trunk,2017-07-12 21:43:44,trunk,,org.apache.pig.data.SchemaTupleFrontend,org.apache.pig.data,1281
1282,1282,d92f95d0edb70989fb0e96dd38b3f26369121841,src\org\apache\pig\newplan\logical\rules\PartitionFilterOptimizer.java,4767,22,0,756cf39da94c39e69a553dfce23592e296e34603,trunk,2017-07-13 18:28:29,trunk,,org.apache.pig.newplan.logical.rules.PartitionFilterOptimizer,org.apache.pig.newplan.logical.rules,1282
1283,1283,ea21a99f8b41117fa0c659039a2a6f5955e961bb,src\org\apache\pig\backend\hadoop\executionengine\spark\SparkShims.java,5274,28,0,ce8aa41d16dbb3e7c3b97b23c18fd2473e9a5938,trunk,2017-07-22 11:28:02,trunk,,org.apache.pig.backend.hadoop.executionengine.spark.SparkShims,org.apache.pig.backend.hadoop.executionengine.spark,1283
1284,1284,f1e28cb090e26fd1f9915b9c1fb1c5351a8be5b1,src\org\apache\pig\impl\io\InterRecordReader.java,3655,703,0,ea21a99f8b41117fa0c659039a2a6f5955e961bb,trunk,2017-07-22 11:38:47,trunk,,org.apache.pig.impl.io.InterRecordReader,org.apache.pig.impl.io,1284
1285,1285,5838bb1b2a96b2a9dfb38dd0f79d5b72e0096147,src\org\apache\pig\impl\io\InterRecordReader.java,5284,28,0,c48621a14625ff923fbcfa6ae677c7998c7df14f,trunk,2017-08-03 18:51:27,trunk,,org.apache.pig.impl.io.InterRecordReader,org.apache.pig.impl.io,1285
1286,1286,81ae40b7b7df3dd1536df0d01bef7250b667bedd,src\org\apache\pig\tools\grunt\ConsoleReaderInputStream.java,5254,34,0,dbfe8ab1e6e6bc4441827279b91ce41f639d0d57,trunk,2017-08-08 00:10:57,trunk,,org.apache.pig.tools.grunt.ConsoleReaderInputStream,org.apache.pig.tools.grunt,1286
1287,1287,1a1198e5810644987232098b3942c3675459a9db,src\org\apache\pig\backend\hadoop\executionengine\spark\SparkPigSplit.java,5283,182,0,81ae40b7b7df3dd1536df0d01bef7250b667bedd,trunk,2017-08-09 08:41:45,trunk,,org.apache.pig.backend.hadoop.executionengine.spark.SparkPigSplit,org.apache.pig.backend.hadoop.executionengine.spark,1287
1288,1288,0848ab6fa561bf5a280d057b38654e6320a1f0d9,src\org\apache\pig\data\NonWritableTuple.java,5277,321,0,33e3485156d4ad42649538579642324b0a852b96,trunk,2017-08-13 16:09:32,trunk,,org.apache.pig.data.NonWritableTuple,org.apache.pig.data,1288
1289,1289,272ad2de293321adfd758cde5b120779451b6e32,src\org\apache\pig\pen\util\ExampleTuple.java,5293,10,0,82bc4d6ab09cba442bf2cebe4fb7e92226201729,trunk,2017-08-23 04:54:15,trunk,,org.apache.pig.pen.util.ExampleTuple,org.apache.pig.pen.util,1289
1290,1290,7399a1ca31f661ddd2051c5bfe0e72cfebd2059d,src\org\apache\pig\backend\hadoop\executionengine\mapReduceLayer\JobControlCompiler.java,5290,157,0,272ad2de293321adfd758cde5b120779451b6e32,trunk,2017-09-08 23:05:29,trunk,,org.apache.pig.backend.hadoop.executionengine.mapReduceLayer.JobControlCompiler,org.apache.pig.backend.hadoop.executionengine.mapReduceLayer,1290
1291,1291,ff66d278b268a2c4e41f5934f3d6d5cc07c248f1,src\org\apache\pig\newplan\FilterExtractor.java,5299,35,0,7399a1ca31f661ddd2051c5bfe0e72cfebd2059d,trunk,2017-09-19 18:27:13,trunk,,org.apache.pig.newplan.FilterExtractor,org.apache.pig.newplan,1291
1292,1292,5b0a0bfaefad0d57c6c9fbbc09d709d13ea9af93,src\org\apache\pig\backend\hadoop\executionengine\tez\plan\optimizer\MultiQueryOptimizerTez.java,5271,73,0,ff66d278b268a2c4e41f5934f3d6d5cc07c248f1,trunk,2017-09-20 16:44:48,trunk,,org.apache.pig.backend.hadoop.executionengine.tez.plan.optimizer.MultiQueryOptimizerTez,org.apache.pig.backend.hadoop.executionengine.tez.plan.optimizer,1292
1293,1293,a6603198144887c7f2a1919bf5ca5e9b19c8f81a,src\org\apache\pig\builtin\REGEX\EXTRACT.java,5306,7,0,e1118a77ede34b2d85247e32fe9a8ccc3d97c42a,trunk,2017-09-26 17:17:40,trunk,,org.apache.pig.builtin.REGEX.EXTRACT,org.apache.pig.builtin.REGEX,1293
1294,1294,518b5d0a958f22b35e108e609ada523fee3f6a69,src\org\apache\pig\backend\hadoop\executionengine\tez\plan\optimizer\TezOperDependencyParallelismEstimator.java,5307,10,0,e07bcade84ff174680a754f607e5b39c4c003fb7,trunk,2017-10-02 22:05:03,trunk,,org.apache.pig.backend.hadoop.executionengine.tez.plan.optimizer.TezOperDependencyParallelismEstimator,org.apache.pig.backend.hadoop.executionengine.tez.plan.optimizer,1294
1295,1295,b7719f33d325a7728d7f7a4ffb8696f8b77b7d12,src\org\apache\pig\backend\hadoop\executionengine\tez\runtime\PigProcessor.java,5314,65,0,350d77716b67542c9c764a243c3216c1dce84913,trunk,2017-11-28 15:53:22,trunk,,org.apache.pig.backend.hadoop.executionengine.tez.runtime.PigProcessor,org.apache.pig.backend.hadoop.executionengine.tez.runtime,1295
1296,1296,4758dd4e2864fa23968b8a6519e22932f4635b32,src\org\apache\pig\backend\hadoop\executionengine\physicalLayer\relationalOperators\POMergeJoin.java,5310,25,0,b7719f33d325a7728d7f7a4ffb8696f8b77b7d12,trunk,2017-11-29 19:38:32,trunk,,org.apache.pig.backend.hadoop.executionengine.physicalLayer.relationalOperators.POMergeJoin,org.apache.pig.backend.hadoop.executionengine.physicalLayer.relationalOperators,1296
1297,1297,de603fa77e3fe9119745303f4a565209fa54a0e8,src\org\apache\pig\tools\pigstats\ScriptState.java,5315,171,0,4758dd4e2864fa23968b8a6519e22932f4635b32,trunk,2017-12-04 20:28:18,trunk,,org.apache.pig.tools.pigstats.ScriptState,org.apache.pig.tools.pigstats,1297
1298,1298,06d96c3c1a59432a60cbd01fa2e9e97211acd59d,src\org\apache\pig\backend\hadoop\executionengine\physicalLayer\relationalOperators\POForEach.java,5201,203,0,de603fa77e3fe9119745303f4a565209fa54a0e8,trunk,2017-12-09 06:37:22,trunk,,org.apache.pig.backend.hadoop.executionengine.physicalLayer.relationalOperators.POForEach,org.apache.pig.backend.hadoop.executionengine.physicalLayer.relationalOperators,1298
1299,1299,31203fe98616a118bbf0deea35153d5533abfefb,src\org\apache\pig\data\SingleTupleBag.java,5300,175,0,4101ea793cac4f466668e4caec759855304bcbc4,trunk,2017-12-21 21:39:21,trunk,,org.apache.pig.data.SingleTupleBag,org.apache.pig.data,1299
1300,1300,98b90f2db0f570b735f039c9ba62792dd4dc5b80,src\org\apache\pig\newplan\logical\relational\LOUnion.java,5312,495,0,31203fe98616a118bbf0deea35153d5533abfefb,trunk,2017-12-27 15:55:23,trunk,,org.apache.pig.newplan.logical.relational.LOUnion,org.apache.pig.newplan.logical.relational,1300
1301,1301,795938301dc0cc3c7afb8a04ee03da2ed6445c6b,src\org\apache\pig\builtin\ToDate3ARGS.java,3864,12,0,98b90f2db0f570b735f039c9ba62792dd4dc5b80,trunk,2017-12-27 19:10:10,trunk,,org.apache.pig.builtin.ToDate3ARGS,org.apache.pig.builtin,1301
1302,1302,02fc6af752bf8bda9acd084db4e0d9cd510db666,src\org\apache\pig\newplan\logical\optimizer\LogicalPlanOptimizer.java,5322,64,0,795938301dc0cc3c7afb8a04ee03da2ed6445c6b,trunk,2017-12-27 22:02:21,trunk,,org.apache.pig.newplan.logical.optimizer.LogicalPlanOptimizer,org.apache.pig.newplan.logical.optimizer,1302
1303,1303,b22a1fbedf7e67f209c2b42a68b339f0d0b23ca7,src\org\apache\pig\newplan\logical\rules\SplitConstantCalculator.java,5322,149,0,02fc6af752bf8bda9acd084db4e0d9cd510db666,trunk,2017-12-28 03:46:58,trunk,,org.apache.pig.newplan.logical.rules.SplitConstantCalculator,org.apache.pig.newplan.logical.rules,1303
1304,1304,ce42170fb0c0b21be660d636cfe518ac5d7c0b0c,src\org\apache\pig\backend\hadoop\executionengine\physicalLayer\relationalOperators\POReservoirSample.java,5311,141,0,b22a1fbedf7e67f209c2b42a68b339f0d0b23ca7,trunk,2017-12-31 01:30:30,trunk,,org.apache.pig.backend.hadoop.executionengine.physicalLayer.relationalOperators.POReservoirSample,org.apache.pig.backend.hadoop.executionengine.physicalLayer.relationalOperators,1304
1305,1305,60d6cd644e6c3fd30419398a7554c074af5864ea,src\org\apache\pig\newplan\logical\relational\LOStore.java,5325,76,0,fe8be53921e619023cfaf0750dfeda33323ffd2a,trunk,2018-01-09 10:03:07,trunk,,org.apache.pig.newplan.logical.relational.LOStore,org.apache.pig.newplan.logical.relational,1305
1306,1306,b49122d0017ed9b7c766e2f1e3fe53ca31d85ae6,src\org\apache\pig\backend\hadoop\executionengine\tez\TezJob.java,5327,20,0,60d6cd644e6c3fd30419398a7554c074af5864ea,trunk,2018-01-09 13:26:39,trunk,,org.apache.pig.backend.hadoop.executionengine.tez.TezJob,org.apache.pig.backend.hadoop.executionengine.tez,1306
1307,1307,30199560b3a9d93bf384409baca8613d1757800d,src\org\apache\pig\backend\hadoop\executionengine\spark\JobStatisticCollector.java,5320,40,0,b49122d0017ed9b7c766e2f1e3fe53ca31d85ae6,trunk,2018-01-15 15:11:21,trunk,,org.apache.pig.backend.hadoop.executionengine.spark.JobStatisticCollector,org.apache.pig.backend.hadoop.executionengine.spark,1307
1308,1308,1fcd7196e21117eb4c365f26adc19210f63fbdec,src\org\apache\pig\backend\hadoop\executionengine\physicalLayer\expressionOperators\POCast.java,5328,22,0,30199560b3a9d93bf384409baca8613d1757800d,trunk,2018-01-27 04:17:13,trunk,,org.apache.pig.backend.hadoop.executionengine.physicalLayer.expressionOperators.POCast,org.apache.pig.backend.hadoop.executionengine.physicalLayer.expressionOperators,1308
1309,1309,963fa588a1fcf2c5e040ab6b7e59175bdaee8a0a,src\org\apache\pig\newplan\logical\visitor\LineageFindRelVisitor.java,5333,210,0,1fcd7196e21117eb4c365f26adc19210f63fbdec,trunk,2018-04-06 17:07:25,trunk,,org.apache.pig.newplan.logical.visitor.LineageFindRelVisitor,org.apache.pig.newplan.logical.visitor,1309
1310,1310,fab0cbf1d594390fe487359a2eb351a322bac637,src\org\apache\pig\newplan\logical\expression\ProjectExpression.java,5335,85,0,84889e7852c98c67b40d12116e3bb6dd311a3363,trunk,2018-05-15 04:20:52,trunk,,org.apache.pig.newplan.logical.expression.ProjectExpression,org.apache.pig.newplan.logical.expression,1310
1311,1311,8d071799459ec8e54d340d747a078fa9f3476349,src\org\apache\pig\builtin\PigStorage.java,5341,50,0,fab0cbf1d594390fe487359a2eb351a322bac637,trunk,2018-06-05 14:34:06,trunk,,org.apache.pig.builtin.PigStorage,org.apache.pig.builtin,1311
1312,1312,fe1826985f35f03e311358a4144a9b61e566acd3,src\org\apache\pig\backend\hadoop\hbase\HBaseTableInputFormat.java,5355,50,0,bd9f47035a8a878aad3a0d43e36c0e79cbe7e190,trunk,2018-09-27 18:10:44,trunk,,org.apache.pig.backend.hadoop.hbase.HBaseTableInputFormat,org.apache.pig.backend.hadoop.hbase,1312
1313,1313,8313a9bbd0f38832332eb2b93d97877bb59c3fd9,src\org\apache\pig\tools\parameters\PreprocessorContext.java,5362,40,0,bdb0a0aa8f37d9273ded1cdcb2b93600abc68d77,trunk,2018-10-12 17:05:21,trunk,,org.apache.pig.tools.parameters.PreprocessorContext,org.apache.pig.tools.parameters,1313
