,index_bug,valid,type,issue,module,commit,parent,testcase,has_test_annotation,description,tag_parent,tag_commit
0,0,True,Delta,TIKA-56,tika,b12c01d9b56053554cec501aab0530f7f4352daf,9477c5e4a38dbacf794b663c757617a8ee07432a,org.apache.tika.mime.TestMimeTypes#testCaseSensitivity,False,,0.1-incubating,0.1-incubating
1,1,True,Delta,TIKA-121,tika-parsers,acf76a64d81eb9c901d92fe718c0f0ffb4d14ced,15c83430df273aae65170d25ed95f4df62858de2,org.apache.tika.mime.MediaTypeTest#testParseWithParams,False,,0.4,0.4
2,2,True,Regression,TIKA-121,tika-core,acf76a64d81eb9c901d92fe718c0f0ffb4d14ced,15c83430df273aae65170d25ed95f4df62858de2,org.apache.tika.detect.TypeDetectorTest#testDetect,False,,0.4,0.4
3,3,True,Delta,TIKA-179,tika,e43a19e433b6085b91bf44f534dbf055db313026,aac081e097de07b99e9d4975bf7da5be55114492,org.apache.tika.sax.BodyContentHandlerTest#testOutputStream,False,,0.3,0.3
4,4,True,Regression,TIKA-189,tika,dd352d27c1b955103b2be76f2d5bca88f3b8e48b,2699cf47e222d61b5c4f5ab0757c63199e3fd62a,org.apache.tika.parser.microsoft.ExcelParserTest#testExcelParser,False,,0.3,0.3
5,5,True,Delta,TIKA-225,tika-core,368e6fafc5bce2abd9efeba0800d098a876cbcfc,8189f14efb2e918f5ba941407f05fab9a01ea365,org.apache.tika.mime.MimeDetectionTest#testDetection,False,,0.4,0.4
6,6,True,Delta,TIKA-240,tika-parsers,f04edc5024a25ce5ce6d178fd8027b62ecc58b40,cccb797d8513bda8e42cd0c99e2fca6ee382888f,org.apache.tika.parser.txt.TXTParserTest#testDropByteOrderMark,False,,0.4,0.4
7,7,True,Delta,TIKA-257,tika-parsers,3d8a58aa28f15e17c21158d096e24b1f65e750cf,2be072649f2c90cf30217365ea6ef70f216a025d,org.apache.tika.mime.TestMimeTypes#testOoxmlDetection,False,,0.4,0.4
8,8,True,Delta,TIKA-309,tika-parsers,987ec1d66d8f7e0047e4a1ef5399e440a15877a2,732fadb93e3681760db196ed9d54bc8b7b6415e0,org.apache.tika.mime.TestMimeTypes#testRdfXmlDetection,False,,0.5,0.5
9,9,True,Delta,TIKA-309,tika-parsers,987ec1d66d8f7e0047e4a1ef5399e440a15877a2,732fadb93e3681760db196ed9d54bc8b7b6415e0,org.apache.tika.parser.AutoDetectParserTest#testRdfXml,False,,0.5,0.5
10,10,True,Regression,TIKA-327,tika-core,7ece6ff5d3d16a8a4e3180abdff07a817a844a65,e207c876122ecdda4a88ac5fcd0330502cf9e6de,org.apache.tika.mime.MimeDetectionTest#testDetection,False,,0.6,0.6
11,11,True,Delta,TIKA-391,tika-core,6f48f57a6a0f21e6589a1d512a25574425dcc4cb,21b54bf8ee46073ebc605265bde4ebb771cb9eea,org.apache.tika.mime.MimeDetectionTest#testMimeMagicStability,False,,0.8,0.8
12,12,True,Delta,TIKA-394,tika-core,8a5f28845f28f5a5e2debdfc0fa3f89c738cd2fe,3e08e27a6c3f8ac45275823b9120996a416c811d,org.apache.tika.sax.XHTMLContentHandlerTest#testWhitespaceWithOptions,False,,0.8,0.8
13,13,True,Delta,TIKA-483,tika-core,98eb0b0ec46c8a826a8a76a52636d8cc617d3201,ed7a1d1bda0d981359261c20e8617a73d7dc482b,org.apache.tika.mime.MimeDetectionTest#testEmptyDocument,False,,0.8,0.8
14,14,True,Delta,TIKA-483,tika-core,98eb0b0ec46c8a826a8a76a52636d8cc617d3201,ed7a1d1bda0d981359261c20e8617a73d7dc482b,org.apache.tika.detect.TextDetectorTest#testDetectEmpty,False,,0.8,0.8
15,15,True,Regression,TIKA-563,tika-core,d82bca596d70663c9ef138ae0df06d7aebcded0b,dac8ec870797facb61068b9bf06cd008dbc0ec10,org.apache.tika.TikaTest#testHttpServerFileExtensions,False,,0.9,0.9
16,16,True,Delta,TIKA-632,tika-parsers,add1168c9f95961f6c986356c400a2e6a11e5f27,0406ad0c64d131c50d92b14f2112692172393304,org.apache.tika.parser.rtf.RTFParserTest#testHyperlink,False,,1,1
17,17,True,Delta,TIKA-632,tika-parsers,c80eee31e10872648a1d23fefc8e13bb3b0e65a4,3b9fbf9f468dd4db2018cfc4e784859c630cd994,org.apache.tika.parser.microsoft.OutlookParserTest#testOutlookHTMLfromRTF,False,,1,1
18,18,True,Delta,TIKA-683,tika-parsers,5c22595f655362f983e73aca4fb79149f37a17ec,505a83529bc4ba580fb3a65877c7e32e10a8a66c,org.apache.tika.parser.rtf.RTFParserTest#testTableCellSeparation,False,,0.1,0.1
19,19,True,Delta,TIKA-683,tika-parsers,5c22595f655362f983e73aca4fb79149f37a17ec,505a83529bc4ba580fb3a65877c7e32e10a8a66c,org.apache.tika.parser.rtf.RTFParserTest#testTableCellSeparation2,False,,0.1,0.1
20,20,True,Delta,TIKA-683,tika-parsers,5c22595f655362f983e73aca4fb79149f37a17ec,505a83529bc4ba580fb3a65877c7e32e10a8a66c,org.apache.tika.parser.rtf.RTFParserTest#testMS932Extraction,False,,0.1,0.1
21,21,True,Regression,TIKA-683,tika-parsers,5c22595f655362f983e73aca4fb79149f37a17ec,505a83529bc4ba580fb3a65877c7e32e10a8a66c,org.apache.tika.parser.rtf.RTFParserTest#testJapaneseText,False,,0.1,0.1
22,22,True,Regression,TIKA-683,tika-parsers,5c22595f655362f983e73aca4fb79149f37a17ec,505a83529bc4ba580fb3a65877c7e32e10a8a66c,org.apache.tika.parser.rtf.RTFParserTest#testTextWithCurlyBraces,False,,0.1,0.1
23,23,True,Delta,TIKA-683,tika-parsers,5c22595f655362f983e73aca4fb79149f37a17ec,505a83529bc4ba580fb3a65877c7e32e10a8a66c,org.apache.tika.parser.rtf.RTFParserTest#testVariousStyle,False,,0.1,0.1
24,24,True,Delta,TIKA-683,tika-parsers,5c22595f655362f983e73aca4fb79149f37a17ec,505a83529bc4ba580fb3a65877c7e32e10a8a66c,org.apache.tika.parser.rtf.RTFParserTest#testBoldItalic,False,,0.1,0.1
25,25,True,Delta,TIKA-695,tika-parsers,4b51beae8e08e82458792a63dd867319cb40e1e4,022f18cecf52a0d653d5cba800ae1d6d3c2c294b,org.apache.tika.parser.microsoft.ooxml.OOXMLParserTest#testExcelCustomProperties,False,,1.1,1.1
26,26,True,Regression,TIKA-698,tika-parsers,4c5599b6694a31e8ce84a1a0d88100827d98490e,04d1fb7cc895e054941280e991ef129cde11ab8b,org.apache.tika.parser.prt.PRTParserTest#testPRTParserComplex,False,,0.1,0.1
27,27,True,Regression,TIKA-698,tika-core,4c5599b6694a31e8ce84a1a0d88100827d98490e,04d1fb7cc895e054941280e991ef129cde11ab8b,org.apache.tika.sax.SafeContentHandlerTest#testInvalidCharacters,False,,0.1,0.1
28,28,True,Regression,TIKA-698,tika-core,4c5599b6694a31e8ce84a1a0d88100827d98490e,04d1fb7cc895e054941280e991ef129cde11ab8b,org.apache.tika.sax.SafeContentHandlerTest#testInvalidWhitespace,False,,0.1,0.1
29,29,True,Regression,TIKA-698,tika-core,4c5599b6694a31e8ce84a1a0d88100827d98490e,04d1fb7cc895e054941280e991ef129cde11ab8b,org.apache.tika.sax.SafeContentHandlerTest#testInvalidSurrogates,False,,0.1,0.1
30,30,True,Delta,TIKA-698,tika-core,9c9763a5ac67683553f155a33338bdf98e1a6937,9d5cf328f700e655a38cdf547fc86a273b854b78,org.apache.tika.sax.SafeContentHandlerTest#testInvalidSurrogates,False,,0.1,0.1
31,31,True,Regression,TIKA-704,tika-parsers,e924f82d636a4e8da097822405493a565b039fa2,9cb9439d367c9f35cd34723c73b7ed2f36edeb50,org.apache.tika.parser.microsoft.ooxml.OOXMLContainerExtractionTest#testEmbeddedPDF,False,,0.1,0.1
32,32,True,Delta,TIKA-704,tika-parsers,9cb9439d367c9f35cd34723c73b7ed2f36edeb50,4639ee2e892fba28008003695ba60713aa0c8954,org.apache.tika.parser.microsoft.ooxml.OOXMLContainerExtractionTest#testEmbeddedOutlook,False,,0.1,0.1
33,33,True,Delta,TIKA-704,tika-parsers,9cb9439d367c9f35cd34723c73b7ed2f36edeb50,4639ee2e892fba28008003695ba60713aa0c8954,org.apache.tika.parser.microsoft.ooxml.OOXMLContainerExtractionTest#testEmbeddedPDF,False,,0.1,0.1
34,34,True,Regression,TIKA-711,tika-parsers,af7df6bfaedc6b097a91eda6c789e5ee576401f6,dc2b9a1fad73867e1499fbf03695eec051c536f7,org.apache.tika.TestParsers#testOptionalHyphen,False,,1,1
35,35,True,Regression,TIKA-712,tika-parsers,20ab62de27c7e34d1c09b3cd0a14c0e32e59994b,2ac245fc84207c6d61fd6ca9195d24eb91747fe9,org.apache.tika.parser.microsoft.PowerPointParserTest#testMasterFooter,False,,1.5-rc1,1.5-rc1
36,36,True,Regression,TIKA-712,tika-parsers,20ab62de27c7e34d1c09b3cd0a14c0e32e59994b,2ac245fc84207c6d61fd6ca9195d24eb91747fe9,org.apache.tika.parser.microsoft.PowerPointParserTest#testMasterText,False,,1.5-rc1,1.5-rc1
37,37,True,Regression,TIKA-712,tika-parsers,20ab62de27c7e34d1c09b3cd0a14c0e32e59994b,2ac245fc84207c6d61fd6ca9195d24eb91747fe9,org.apache.tika.parser.microsoft.PowerPointParserTest#testMasterText2,False,,1.5-rc1,1.5-rc1
38,38,True,Delta,TIKA-712,tika-parsers,51a7c9ccacde4f0a40d3f3a0a0c7b2d270d22684,9ec715349810ab8e2d149028679ba6baebeae14b,org.apache.tika.parser.microsoft.PowerPointParserTest#testMasterText,False,,tika-1.3,tika-1.3
39,39,True,Delta,TIKA-712,tika-parsers,51a7c9ccacde4f0a40d3f3a0a0c7b2d270d22684,9ec715349810ab8e2d149028679ba6baebeae14b,org.apache.tika.parser.microsoft.PowerPointParserTest#testMasterText2,False,,tika-1.3,tika-1.3
40,40,True,Regression,TIKA-717,tika-parsers,fdb902bcea910756c9f498b0db9bf3a1870cb2f2,2f7241d842c56bc1a32e20a9f766f9a54eb80949,org.apache.tika.TestParsers#testComment,False,,0.1,0.1
41,41,True,Regression,TIKA-720,tika-parsers,aa944e848894e16adec24eeffe29e11b96ad29a8,b62ce33cb695a7625e9454eb4cd2dd36051d09c5,org.apache.tika.parser.txt.TXTParserTest#testEBCDIC_CP500,False,,0.1,0.1
42,42,True,Delta,TIKA-720,tika-parsers,eb73a4be05f53e33679146810c28e74224f8b359,2bbf5ca691a5b0a1fe9debe9922c2f5af2849609,org.apache.tika.parser.txt.TXTParserTest#testEBCDIC_CP500,False,,0.1,0.1
43,43,True,Regression,TIKA-725,tika-app,39a63cad3ad912f412f75a2dcdca400ab8e37ab6,2052fc98acca935fa065ffdca302bc84cfe60ac9,org.apache.tika.cli.TikaCLITest#testHTMLOutput,False,,tika-1.3,tika-1.3
44,44,True,Delta,TIKA-748,tika-parsers,c256022ce85a05be039e81f152fe895cb4f38b3a,a5cc41a492f7b74d3a4612da9c6e8cac1efe1732,org.apache.tika.parser.rtf.RTFParserTest#testIgnoredControlWord,False,,1,1
45,45,True,Delta,TIKA-777,tika-parsers,2c3dbde39c16161dafc4b5cc03db4e259bf7fb7f,a157a6f025c4b5eda63881124919b4271f85ba0b,org.apache.tika.parser.rtf.RTFParserTest#testFontAfterBufferedText,False,,1.1,1.1
46,46,True,Regression,TIKA-778,tika-parsers,6ef64ddbeff4b23ee25e3d3f51f8a07c49d37c2b,00801cbcc44f7c2e8e8fbc00d8d1b21c687331d3,org.apache.tika.parser.pdf.PDFParserTest#testAnnotations,False,,1.1,1.1
47,47,True,Regression,TIKA-781,tika-parsers,ad78ecd3a85fcfc61b22cb045b3881cc9c170b13,350d1be2ace9a1dbb917288abac97e65552aa591,org.apache.tika.parser.rtf.RTFParserTest#testHyperlink,False,,1.1,1.1
48,48,True,Regression,TIKA-786,tika-parsers,2b39c7599a9930f8847f8839e9612ae5cdc56407,fa077bfba10828d5512ede9db89124d252448898,org.apache.tika.detect.TestContainerAwareDetector#testDetectOLE2,False,,1.1,1.1
49,49,True,Regression,TIKA-786,tika-parsers,2b39c7599a9930f8847f8839e9612ae5cdc56407,fa077bfba10828d5512ede9db89124d252448898,org.apache.tika.detect.TestContainerAwareDetector#testDetectOOXML,False,,1.1,1.1
50,50,True,Regression,TIKA-793,tika-parsers,3bdf69a7d2e119aa722a097d81a99fd63d76be78,554605b284b0c4ac32b8cdda512700d780915a8d,org.apache.tika.parser.mp3.Mp3ParserTest#testMp3ParsingID3v2,False,,1.1,1.1
51,51,True,Regression,TIKA-793,tika-parsers,3bdf69a7d2e119aa722a097d81a99fd63d76be78,554605b284b0c4ac32b8cdda512700d780915a8d,org.apache.tika.parser.mp3.Mp3ParserTest#testMp3ParsingID3i18n,False,,1.1,1.1
52,52,True,Regression,TIKA-801,tika-parsers,b73dccb6bc47d33bdb6f1e51b723c7ef6bf3e1a3,707b8f2157ffcdb6a8e8871baa53258b3b5b9ea7,org.apache.tika.parser.microsoft.OutlookParserTest#testOutlookHTMLVersion,False,,1.1,1.1
53,53,True,Regression,TIKA-817,tika-parsers,9227e9f3d5090be28e28639ab92732c5be0507cf,dfee81089d1492039ab698528212e1cef4108ea2,org.apache.tika.parser.microsoft.WordParserTest#testEmbeddedNames,False,,1.5-rc1,1.5-rc1
54,54,True,Regression,TIKA-817,tika-parsers,9227e9f3d5090be28e28639ab92732c5be0507cf,dfee81089d1492039ab698528212e1cef4108ea2,org.apache.tika.parser.microsoft.WordParserTest#testEmbeddedRTF,False,,1.5-rc1,1.5-rc1
55,55,True,Regression,TIKA-817,tika-parsers,9227e9f3d5090be28e28639ab92732c5be0507cf,dfee81089d1492039ab698528212e1cef4108ea2,org.apache.tika.parser.microsoft.WordParserTest#testDocumentLink,False,,1.5-rc1,1.5-rc1
56,56,True,Regression,TIKA-817,tika-parsers,9227e9f3d5090be28e28639ab92732c5be0507cf,dfee81089d1492039ab698528212e1cef4108ea2,org.apache.tika.parser.microsoft.PowerPointParserTest#testEmbeddedPlacedholder,False,,1.5-rc1,1.5-rc1
57,57,True,Regression,TIKA-817,tika-parsers,9227e9f3d5090be28e28639ab92732c5be0507cf,dfee81089d1492039ab698528212e1cef4108ea2,org.apache.tika.parser.microsoft.PowerPointParserTest#testAutoDatePPT,False,,1.5-rc1,1.5-rc1
58,58,True,Regression,TIKA-817,tika-parsers,9227e9f3d5090be28e28639ab92732c5be0507cf,dfee81089d1492039ab698528212e1cef4108ea2,org.apache.tika.parser.pdf.PDFParserTest#testLinks,False,,1.5-rc1,1.5-rc1
59,59,True,Regression,TIKA-817,tika-parsers,9227e9f3d5090be28e28639ab92732c5be0507cf,dfee81089d1492039ab698528212e1cef4108ea2,org.apache.tika.parser.pkg.ZipParserTest#testPlaceholders,False,,1.5-rc1,1.5-rc1
60,60,True,Regression,TIKA-817,tika-parsers,9227e9f3d5090be28e28639ab92732c5be0507cf,dfee81089d1492039ab698528212e1cef4108ea2,org.apache.tika.parser.microsoft.ooxml.OOXMLParserTest#testWordHTML,False,,1.5-rc1,1.5-rc1
61,61,True,Regression,TIKA-817,tika-parsers,9227e9f3d5090be28e28639ab92732c5be0507cf,dfee81089d1492039ab698528212e1cef4108ea2,org.apache.tika.parser.microsoft.ooxml.OOXMLParserTest#testEmbeddedZipInPPTX,False,,1.5-rc1,1.5-rc1
62,62,True,Regression,TIKA-817,tika-parsers,9227e9f3d5090be28e28639ab92732c5be0507cf,dfee81089d1492039ab698528212e1cef4108ea2,org.apache.tika.parser.microsoft.ooxml.OOXMLParserTest#testEmbeddedPPTXTwoSlides,False,,1.5-rc1,1.5-rc1
63,63,True,Regression,TIKA-817,tika-parsers,9227e9f3d5090be28e28639ab92732c5be0507cf,dfee81089d1492039ab698528212e1cef4108ea2,org.apache.tika.parser.microsoft.ooxml.OOXMLParserTest#testPPTXAutodate,False,,1.5-rc1,1.5-rc1
64,64,True,Delta,TIKA-820,tika-parsers,8fd76a41b32b80353820d4a8bdaa08de5529f7ee,ad853f4b7cc8f36c74761dd517d55dc052d722b7,org.apache.tika.parser.html.HtmlParserTest#testLocator,True,,1.5-rc1,1.5-rc1
65,65,True,Delta,TIKA-822,tika-core,48b28a6d31c3afb741ffa5ace4c0c4738101b539,e3a183120a7638ccd2093f62a47730e9636ec047,org.apache.tika.mime.MediaTypeTest#testParseWithParamsAndQuotedCharset,False,,1.1,1.1
66,66,True,Delta,TIKA-826,tika-parsers,9e22f46f2403b89dbc8454cefb8b83881f437419,52d51b91d4b288db5887d592826abbbec5cd6db5,org.apache.tika.parser.microsoft.ExcelParserTest#testExcelXLSB,False,,1.1,1.1
67,67,True,Delta,TIKA-828,tika-core,edb6775bf356eaaf656730589cc3340a15b602ea,57a99d012bc43d04ded8e7d88e056680542b405f,org.apache.tika.io.TaggedInputStreamTest#createdIOExceptionIsSerializable,True,,1.1,1.1
68,68,True,Delta,TIKA-830,tika-parsers,bc075703823e7250a7ad7db93ef58712133920f2,b20beb604d191010793eded2398cba985312ca6a,org.apache.tika.parser.fork.ForkParserIntegrationTest#testParserHandlingOfNonSerializable,False,,1.1,1.1
69,69,True,Regression,TIKA-866,tika-core,a547dde812cce268518796e116f63ef0a3f4c8f3,929f7535e99bac0a604206212253a60a1fdd816f,org.apache.tika.config.TikaConfigTest#testValidParser,False,,1.1,1.1
70,70,True,Regression,TIKA-897,tika-core,aeeb366b987b20902c531f5ecac38f334a377d72,1f5a278f83e6793441bab1be53bc0327069e9354,org.apache.tika.mime.MimeDetectionTest#testDetection,False,,1.2,1.2
71,71,True,Regression,TIKA-915,tika-parsers,99ad6801379ee8e0918d51b7d4bba762694afbbf,8630e56468e1d25920030251d9d97a862cc719f3,org.apache.tika.parser.jpeg.JpegParserTest#testJPEGGeo,False,,tika-1.3,tika-1.3
72,72,True,Regression,TIKA-915,tika-parsers,99ad6801379ee8e0918d51b7d4bba762694afbbf,8630e56468e1d25920030251d9d97a862cc719f3,org.apache.tika.parser.jpeg.JpegParserTest#testJPEGGeo2,False,,tika-1.3,tika-1.3
73,73,True,Regression,TIKA-948,tika-app,3e2a65294894c61051034f049f034cde1322175a,f28f04af7e60ffc04550030c0c99e8c7dd931442,org.apache.tika.cli.TikaCLITest#testExtract,False,,1.2,1.2
74,74,True,Regression,TIKA-948,tika-app,f28f04af7e60ffc04550030c0c99e8c7dd931442,270853e9988c41d797b8102ab22236dca0a43cc2,org.apache.tika.cli.TikaCLITest#testExtract,False,,1.2,1.2
75,75,True,Regression,TIKA-948,tika-parsers,f28f04af7e60ffc04550030c0c99e8c7dd931442,270853e9988c41d797b8102ab22236dca0a43cc2,org.apache.tika.parser.microsoft.POIContainerExtractionTest#testEmbeddedOfficeFiles,False,,1.2,1.2
76,76,True,Regression,TIKA-948,tika-parsers,218352a1ce7de0881416eff741d832a1abc51f07,1543cb0f3d1b4877825a923faa1f0f3ae990c4f9,org.apache.tika.parser.microsoft.POIContainerExtractionTest#testEmbeddedOfficeFiles,False,,1.2,1.2
77,77,True,Regression,TIKA-962,tika-parsers,efdb4679cb28841da7ba9d8e755596602b630893,99ad6801379ee8e0918d51b7d4bba762694afbbf,org.apache.tika.parser.microsoft.PowerPointParserTest#testCustomProperties,False,,tika-1.3,tika-1.3
78,78,True,Regression,TIKA-962,tika-parsers,efdb4679cb28841da7ba9d8e755596602b630893,99ad6801379ee8e0918d51b7d4bba762694afbbf,org.apache.tika.parser.microsoft.WordParserTest#testCustomProperties,False,,tika-1.3,tika-1.3
79,79,True,Regression,TIKA-962,tika-parsers,efdb4679cb28841da7ba9d8e755596602b630893,99ad6801379ee8e0918d51b7d4bba762694afbbf,org.apache.tika.parser.microsoft.ooxml.OOXMLParserTest#testWordCustomProperties,False,,tika-1.3,tika-1.3
80,80,True,Regression,TIKA-962,tika-parsers,efdb4679cb28841da7ba9d8e755596602b630893,99ad6801379ee8e0918d51b7d4bba762694afbbf,org.apache.tika.parser.microsoft.ooxml.OOXMLParserTest#testPowerPointCustomProperties,False,,tika-1.3,tika-1.3
81,81,True,Regression,TIKA-962,tika-parsers,efdb4679cb28841da7ba9d8e755596602b630893,99ad6801379ee8e0918d51b7d4bba762694afbbf,org.apache.tika.parser.dwg.DWGParserTest#testDWG2000Parser,False,,tika-1.3,tika-1.3
82,82,True,Regression,TIKA-962,tika-parsers,efdb4679cb28841da7ba9d8e755596602b630893,99ad6801379ee8e0918d51b7d4bba762694afbbf,org.apache.tika.parser.dwg.DWGParserTest#testDWGMechParser,False,,tika-1.3,tika-1.3
83,83,True,Regression,TIKA-963,tika-parsers,c36e5a0461b66a7941156dd9ee502c73aa0ee28c,efdb4679cb28841da7ba9d8e755596602b630893,org.apache.tika.parser.microsoft.WordParserTest#testCustomProperties,False,,tika-1.3,tika-1.3
84,84,True,Regression,TIKA-963,tika-parsers,c36e5a0461b66a7941156dd9ee502c73aa0ee28c,efdb4679cb28841da7ba9d8e755596602b630893,org.apache.tika.parser.microsoft.ProjectParserTest#testProject2003,False,,tika-1.3,tika-1.3
85,85,True,Regression,TIKA-963,tika-parsers,c36e5a0461b66a7941156dd9ee502c73aa0ee28c,efdb4679cb28841da7ba9d8e755596602b630893,org.apache.tika.parser.microsoft.ProjectParserTest#testProject2007,False,,tika-1.3,tika-1.3
86,86,True,Regression,TIKA-963,tika-parsers,c36e5a0461b66a7941156dd9ee502c73aa0ee28c,efdb4679cb28841da7ba9d8e755596602b630893,org.apache.tika.parser.microsoft.PowerPointParserTest#testCustomProperties,False,,tika-1.3,tika-1.3
87,87,True,Regression,TIKA-963,tika-parsers,c36e5a0461b66a7941156dd9ee502c73aa0ee28c,efdb4679cb28841da7ba9d8e755596602b630893,org.apache.tika.parser.mp4.MP4ParserTest#testMP4ParsingAudio,False,,tika-1.3,tika-1.3
88,88,True,Regression,TIKA-963,tika-parsers,c36e5a0461b66a7941156dd9ee502c73aa0ee28c,efdb4679cb28841da7ba9d8e755596602b630893,org.apache.tika.parser.microsoft.ExcelParserTest#testExcelParser,False,,tika-1.3,tika-1.3
89,89,True,Regression,TIKA-963,tika-parsers,c36e5a0461b66a7941156dd9ee502c73aa0ee28c,efdb4679cb28841da7ba9d8e755596602b630893,org.apache.tika.parser.microsoft.ooxml.OOXMLParserTest#testPowerPointCustomProperties,False,,tika-1.3,tika-1.3
90,90,True,Regression,TIKA-963,tika-parsers,c36e5a0461b66a7941156dd9ee502c73aa0ee28c,efdb4679cb28841da7ba9d8e755596602b630893,org.apache.tika.parser.odf.ODFParserTest#testOO2,False,,tika-1.3,tika-1.3
91,91,True,Delta,TIKA-965,tika-parsers,dfcf3d4c7cee2dac641ea5b331965ad03ce37364,49e18e004dcf260c5b55b2092fb90558351008c0,org.apache.tika.parser.AutoDetectParserTest#testTextNonASCIIUTF8,False,,tika-1.3,tika-1.3
92,92,True,Delta,TIKA-981,tika-parsers,4cdcefd5a87ed11e84ee4a016b989102bc84cdf1,0f1934c10941ad6ad9648b4ca04c528288767675,org.apache.tika.parser.pdf.PDFParserTest#testPopupAnnotation,False,,tika-1.3,tika-1.3
93,93,True,Regression,TIKA-990,tika-parsers,3e7e7c95e68a8b3be8204e9c4120cc8199b5df57,978cc18f7a2df1b632ee54c75f49af11c3dee1fe,org.apache.tika.parser.mp3.Mp3ParserTest#testMp3ParsingID3v1,False,,tika-1.3,tika-1.3
94,94,True,Regression,TIKA-990,tika-parsers,3e7e7c95e68a8b3be8204e9c4120cc8199b5df57,978cc18f7a2df1b632ee54c75f49af11c3dee1fe,org.apache.tika.parser.mp3.Mp3ParserTest#testMp3ParsingID3v2,False,,tika-1.3,tika-1.3
95,95,True,Regression,TIKA-990,tika-parsers,3e7e7c95e68a8b3be8204e9c4120cc8199b5df57,978cc18f7a2df1b632ee54c75f49af11c3dee1fe,org.apache.tika.parser.mp3.Mp3ParserTest#testMp3ParsingID3v1v2,False,,tika-1.3,tika-1.3
96,96,True,Regression,TIKA-990,tika-parsers,3e7e7c95e68a8b3be8204e9c4120cc8199b5df57,978cc18f7a2df1b632ee54c75f49af11c3dee1fe,org.apache.tika.parser.mp3.Mp3ParserTest#testMp3ParsingID3v24,False,,tika-1.3,tika-1.3
97,97,True,Regression,TIKA-990,tika-parsers,3e7e7c95e68a8b3be8204e9c4120cc8199b5df57,978cc18f7a2df1b632ee54c75f49af11c3dee1fe,org.apache.tika.parser.mp3.Mp3ParserTest#testMp3ParsingID3i18n,False,,tika-1.3,tika-1.3
98,98,True,Delta,TIKA-995,tika-core,2697354c7e50b9b06c44441accd09f3cff594c6e,aca3dfa1f086d2f6cbd6ebfdccfa9333ab1fbcf1,org.apache.tika.sax.XHTMLContentHandlerTest#testAttributesOnBody,True,,1.8-rc1,1.8-rc1
99,99,True,Delta,TIKA-999,tika-parsers,a06209b1d5e263fd579afe66318560deeda7f66c,d3989e6fcc6eb95cb86331ff863d9a55c81618d1,org.apache.tika.parser.rtf.RTFParserTest#testMetaDataCounts,False,,tika-1.3,tika-1.3
100,100,True,Regression,TIKA-1015,tika-app,acdb2b0ea9082dad8120431ebbf34e68b76aafe2,60e5d2c61a9a21537480ad0d7946eb1c4029305b,org.apache.tika.cli.TikaCLITest#testExtract,False,,tika-1.3,tika-1.3
101,101,True,Delta,TIKA-1028,tika-parsers,58b7c17d1833caffd5e8693d656a6efc02463c43,24faaa980924cc9aedbdcdbecdd6a9a19f4fdf1e,org.apache.tika.parser.mail.RFC822ParserTest#testNormalZipAttachment,True,,1.8-rc1,1.8-rc1
102,102,True,Regression,TIKA-1028,tika-parsers,24faaa980924cc9aedbdcdbecdd6a9a19f4fdf1e,8abbe99f47ed22f43097421264a356d2311801b4,org.apache.tika.parser.mail.RFC822ParserTest#testEncryptedZipAttachment,True,,1.8-rc1,1.8-rc1
103,103,True,Regression,TIKA-1032,tika-parsers,9ec715349810ab8e2d149028679ba6baebeae14b,e10c23b3ad00dd9d8fb059fdbfc40273b8e2469c,org.apache.tika.parser.microsoft.ooxml.OOXMLParserTest#testEmbeddedZipInPPTX,False,,tika-1.3,tika-1.3
104,104,True,Delta,TIKA-1032,tika-parsers,9ec715349810ab8e2d149028679ba6baebeae14b,e10c23b3ad00dd9d8fb059fdbfc40273b8e2469c,org.apache.tika.parser.microsoft.ooxml.OOXMLParserTest#testEmbeddedPPTXTwoSlides,False,,tika-1.3,tika-1.3
105,105,True,Regression,TIKA-1035,tika-parsers,01c02e671a82fc89fca8748175a741a5c5605962,ad9512ded721077a4e412a35d7fc74df99bc0614,org.apache.tika.parser.pdf.PDFParserTest#testBookmarks,False,,tika-1.3,tika-1.3
106,106,True,Delta,TIKA-1035,tika-parsers,771e368ba531ef5063b89811d98a3c756920f870,51a7c9ccacde4f0a40d3f3a0a0c7b2d270d22684,org.apache.tika.parser.pdf.PDFParserTest#testBookmarks,False,,tika-1.3,tika-1.3
107,107,True,Delta,TIKA-1048,tika-parsers,71166dea776a676601d35bef3922717aa2d56301,7e3cc3ae5c1bb30b47f562eb3527529424fa28f0,org.apache.tika.parser.xml.DcXMLParserTest#testNoSpaces,False,,tika-1.3,tika-1.3
108,108,True,Regression,TIKA-1048,tika-parsers,71166dea776a676601d35bef3922717aa2d56301,7e3cc3ae5c1bb30b47f562eb3527529424fa28f0,org.apache.tika.parser.ParsingReaderTest#testXML,False,,tika-1.3,tika-1.3
109,109,True,Delta,TIKA-1113,tika-parsers,d145ee6a07b53fdf66cea0a6a34e9b12cf0407bb,348c92fec14c4ff66be5d57dc0b592f569acebbd,org.apache.tika.parser.AutoDetectParserTest#testOggFlacAudio,True,,1.6,1.6
110,110,True,Delta,TIKA-1127,tika-server,9d81bddc52fc3eb851f52099263d28b18bacde69,f50544d916483e18886f8809722f19dd3f108ddd,org.apache.tika.server.TikaResourceTest#testSimpleWordXML,True,,1.4,1.4
111,111,True,Delta,TIKA-1127,tika-server,9d81bddc52fc3eb851f52099263d28b18bacde69,f50544d916483e18886f8809722f19dd3f108ddd,org.apache.tika.server.TikaResourceTest#testPasswordXLSXML,True,,1.4,1.4
112,112,True,Delta,TIKA-1130,tika-parsers,970bafe849a6aa2e4e5ed1140e033fdb9c8abe32,8f492eb021cfbca132175d9418e17aa543874160,org.apache.tika.parser.microsoft.ooxml.OOXMLParserTest#testMissingText,False,,1.5-rc1,1.5-rc1
113,113,True,Delta,TIKA-1145,tika-core,c7d7f66f8c9e389d8654a6a57f0e14040f2e9d51,066f587584998f82e738496cd2906de8ffecb9b4,org.apache.tika.config.TikaConfigTest#testClassLoaderUsedEverywhere,False,,1.5-rc1,1.5-rc1
114,114,True,Delta,TIKA-1146,tika-parsers,c743609f654435a326c0df657597a7bf61a304ec,22fc879bf987c2ab1fa24d68c10a97cb4797614e,org.apache.tika.mime.TestMimeTypes#testGroupWiseEml,False,,1.5-rc1,1.5-rc1
115,115,True,Regression,TIKA-1156,tika-parsers,042ec600f452dcfeff385744f639760e936c2407,18a89e9a94571d511368529a80f72d90b17f65b3,org.apache.tika.mime.TestMimeTypes#testAMR,False,,1.5-rc1,1.5-rc1
116,116,True,Delta,TIKA-1156,tika-parsers,18a89e9a94571d511368529a80f72d90b17f65b3,c743609f654435a326c0df657597a7bf61a304ec,org.apache.tika.mime.TestMimeTypes#testAMR,False,,1.5-rc1,1.5-rc1
117,117,True,Delta,TIKA-1159,tika-parsers,34f7c183ddcd4e859941f41bd97b9118698f9808,7f080de7859a4261bccc4f565455b9abc9dc7d43,org.apache.tika.mime.TestMimeTypes#testCreativeSuite,False,,1.5-rc1,1.5-rc1
118,118,True,Delta,TIKA-1169,tika-parsers,5ce1b585a9dcf9bb3a04a2b20dd9e6f5e39c36c0,26b2e60b42c215629f1970f895367cee18e33fa3,org.apache.tika.mime.TestMimeTypes#testJavaDetection,False,,1.5-rc1,1.5-rc1
119,119,True,Regression,TIKA-1170,tika-core,b2fcf77acc20e4dcf016b121cb0ccf53ca7ff2da,4c6313ff8424a8b8eda7c2c6aa6f9406660ff946,org.apache.tika.mime.MimeDetectionTest#testDetection,False,,1.5-rc1,1.5-rc1
120,120,True,Regression,TIKA-1170,tika-core,4c6313ff8424a8b8eda7c2c6aa6f9406660ff946,5ce1b585a9dcf9bb3a04a2b20dd9e6f5e39c36c0,org.apache.tika.mime.MimeDetectionTest#testDetection,False,,1.5-rc1,1.5-rc1
121,121,True,Regression,TIKA-1171,tika-parsers,20ab62de27c7e34d1c09b3cd0a14c0e32e59994b,2ac245fc84207c6d61fd6ca9195d24eb91747fe9,org.apache.tika.parser.microsoft.PowerPointParserTest#testMasterFooter,False,,1.5-rc1,1.5-rc1
122,122,True,Regression,TIKA-1171,tika-parsers,20ab62de27c7e34d1c09b3cd0a14c0e32e59994b,2ac245fc84207c6d61fd6ca9195d24eb91747fe9,org.apache.tika.parser.microsoft.PowerPointParserTest#testMasterText,False,,1.5-rc1,1.5-rc1
123,123,True,Regression,TIKA-1171,tika-parsers,20ab62de27c7e34d1c09b3cd0a14c0e32e59994b,2ac245fc84207c6d61fd6ca9195d24eb91747fe9,org.apache.tika.parser.microsoft.PowerPointParserTest#testMasterText2,False,,1.5-rc1,1.5-rc1
124,124,True,Regression,TIKA-1221,tika-parsers,359aae57ce045de191a14bb369e7980154deffc6,54afc7a6dd4d43dd847d9fab658b4162602e89c9,org.apache.tika.detect.TestContainerAwareDetector#testDetectOOXML,True,,1.6,1.6
125,125,True,Regression,TIKA-1229,tika-parsers,2aaec12dbd492d716aab53f7ee32bdb247404c35,25ffe537f9bf79878f36312d11ad2c57879e0719,org.apache.tika.parser.microsoft.WordParserTest#testHeaderHyperlinks,True,,1.5-rc1,1.5-rc1
126,126,True,Delta,TIKA-1229,tika-parsers,17ef0deae2372bdb46cce2052425fec02badb6d7,77d57d5506cfacf4e75d09e214643deda5a52047,org.apache.tika.parser.microsoft.WordParserTest#testHeaderHyperlinks,True,,1.5-rc1,1.5-rc1
127,127,True,Delta,TIKA-1251,tika-parsers,8e0c444b1f1bf61215a298c2b782b5cb451f9cde,adeab5504b464a8e212521d4c372d6a3d16e0d80,org.apache.tika.parser.microsoft.WordParserTest#testParagraphsAfterTables,True,,1.6,1.6
128,128,True,Regression,TIKA-1255,tika-parsers,80efc84b675c8defa5e86b01b85e1dabc84d32f5,52be682634f3c07e237f7f73b28e94c048563d5b,org.apache.tika.parser.microsoft.WordParserTest#testControlCharacter,True,,1.13,1.13
129,129,True,Delta,TIKA-1255,tika-parsers,80efc84b675c8defa5e86b01b85e1dabc84d32f5,52be682634f3c07e237f7f73b28e94c048563d5b,org.apache.tika.parser.microsoft.WordParserTest#testBoldHyperlink,True,,1.13,1.13
130,130,True,Delta,TIKA-1255,tika-parsers,80efc84b675c8defa5e86b01b85e1dabc84d32f5,52be682634f3c07e237f7f73b28e94c048563d5b,org.apache.tika.parser.microsoft.ooxml.OOXMLParserTest#testBoldHyperlink,True,,1.13,1.13
131,131,True,Delta,TIKA-1292,tika-core,f689fa7ee25c0c9c4bd4d68aa51941eb558f7026,390222663ee5b3231faa59039cc71acfc24af665,org.apache.tika.mime.MimeDetectionTest#testMimeMagicClashSamePriority,True,,1.6,1.6
132,132,True,Regression,TIKA-1292,tika-parsers,9eaa4fc560810dc689055d0fc80693bc7a3f1dda,2d51ad241003f34dcc3b211ea0940fffaaac6761,org.apache.tika.detect.TestContainerAwareDetector#testDetectZip,True,,1.6,1.6
133,133,True,Delta,TIKA-1303,tika-parsers,b97ef3208fe5848c96c86d6d7b6a6bfb962e0568,02b5424694e1eb2a880bb807e8e5556e523e73d0,org.apache.tika.parser.html.HtmlParserTest#testFirstTitleValueisSetToMetadata,True,,1.6,1.6
134,134,True,Regression,TIKA-1317,tika-parsers,a13fdace85d18eccc4ec9ee918e86541204374b1,62979fad289bbbb27a7068b171ec2a972f1049b7,org.apache.tika.parser.microsoft.ooxml.OOXMLParserTest#testMissingText,True,,1.6-rc2,1.6-rc2
135,135,True,Regression,TIKA-1363,tika-parsers,3aa77388e9edb77853181a7cd3e479d14e746c7a,9d189e6803272835dd50a78e0dbb324b0f98eb54,org.apache.tika.parser.mat.MatParserTest#testParser,True,,1.6,1.6
136,136,True,Regression,TIKA-1373,tika-parsers,f1d00dbf40f16ce8669628951b813d7972c07c45,d4fc8dd93894078abdf14193953e1b3ead7fe0f7,org.apache.tika.parser.code.SourceCodeParserTest#testHTMLRenderWithReturnLine,True,,1.6,1.6
137,137,True,Delta,TIKA-1373,tika-parsers,f1d00dbf40f16ce8669628951b813d7972c07c45,d4fc8dd93894078abdf14193953e1b3ead7fe0f7,org.apache.tika.parser.code.SourceCodeParserTest#testTextRender,True,,1.6,1.6
138,138,True,Delta,TIKA-1378,tika-translate,65aea2b06b33c6b53999b6c52e017c38bf2af0b4,ed355dd561963ab4eb6cc9423e4b86e4e817f26e,org.apache.tika.language.translate.MicrosoftTranslatorTest#testSettersAndIsAvailable,True,,1.6-rc2,1.6-rc2
139,139,True,Delta,TIKA-1400,tika-parsers,9688c77128e5c3d53c1eeb4e72db62ff10dfafda,f2218da2a8fff4160c3a3931d4daa7acd2bef36a,org.apache.tika.parser.microsoft.ooxml.OOXMLParserTest#testExcelHeaderAndFooterExtraction,True,,1.10-rc1,1.10-rc1
140,140,True,Regression,TIKA-1454,tika-parsers,bb78082b0028b57a5bf1ae30858dda6aebeacf63,c1a3ce0ee108d865beaa765bd169fa9b463135a2,org.apache.tika.parser.microsoft.PowerPointParserTest#testVarious,True,,1.13,1.13
141,141,True,Regression,TIKA-1454,tika-parsers,69852e4cb55d34e6513e0b66af7d75cb1b1408ba,9f09a558648bf2d8b17c611498e097db0513fb7d,org.apache.tika.parser.microsoft.PowerPointParserTest#testVarious,True,,1.12,1.12
142,142,True,Delta,TIKA-1454,tika-parsers,69852e4cb55d34e6513e0b66af7d75cb1b1408ba,9f09a558648bf2d8b17c611498e097db0513fb7d,org.apache.tika.parser.microsoft.ExcelParserTest#testHyperlinksInXLS,True,,1.12,1.12
143,143,True,Regression,TIKA-1454,tika-parsers,69852e4cb55d34e6513e0b66af7d75cb1b1408ba,9f09a558648bf2d8b17c611498e097db0513fb7d,org.apache.tika.parser.microsoft.ooxml.OOXMLParserTest#testVariousPPTX,True,,1.12,1.12
144,144,True,Delta,TIKA-1454,tika-parsers,69852e4cb55d34e6513e0b66af7d75cb1b1408ba,9f09a558648bf2d8b17c611498e097db0513fb7d,org.apache.tika.parser.microsoft.ooxml.OOXMLParserTest#testHyperlinksInXLSX,True,,1.12,1.12
145,145,True,Delta,TIKA-1461,tika-parsers,2377a7c1cd8602457e8e5178884592ff2c502eb3,63fb75d51e5d7150f596e10d570457ea6f6ff824,org.apache.tika.mime.TestMimeTypes#testWindowsEXE,True,,1.7-rc1,1.7-rc1
146,146,True,Delta,TIKA-1477,tika-parsers,74c231a575c9ac307b617c2c322d0f4151baeb64,9005c6760366b29eac19e307f943dfe6f1e522c8,org.apache.tika.parser.ocr.TesseractOCRConfigTest#testValidateLanguage,True,,1.7-rc1,1.7-rc1
147,147,True,Delta,TIKA-1477,tika-parsers,74c231a575c9ac307b617c2c322d0f4151baeb64,9005c6760366b29eac19e307f943dfe6f1e522c8,org.apache.tika.parser.ocr.TesseractOCRConfigTest#testValidatePageSegMode,True,,1.7-rc1,1.7-rc1
148,148,True,Delta,TIKA-1512,tika-parsers,990c0c2096fdabec508371cbf96f9e77bd61f12d,6e5056a8729e740384964eb858ecc7c258256c9d,org.apache.tika.parser.microsoft.WordParserTest#testHyperlinkStringIOOBESmartQuote,True,,1.8-rc1,1.8-rc1
149,149,True,Regression,TIKA-1519,tika-parsers,7d231d03247b9171dcce6e1758deb5c49560a6a1,13a280bea8dfb56fafdfa8b31ffee8941077a98b,org.apache.tika.parser.html.HtmlParserTest#testXhtmlParsing,True,,1.8-rc2,1.8-rc2
150,150,True,Delta,TIKA-1519,tika-parsers,7d231d03247b9171dcce6e1758deb5c49560a6a1,13a280bea8dfb56fafdfa8b31ffee8941077a98b,org.apache.tika.parser.html.HtmlParserTest#testXHTMLWithMisleading,True,,1.8-rc2,1.8-rc2
151,151,True,Delta,TIKA-1584,tika-server,90bc595d756376cc40ca17ec13cdbae5fb023a90,990c0c2096fdabec508371cbf96f9e77bd61f12d,org.apache.tika.server.TikaResourceTest#testEmbedded,True,,1.8-rc1,1.8-rc1
152,152,True,Delta,TIKA-1669,tika-core,761273f9e69c4a7595e50ccd6a2d9304c398d0b1,444dadd5eb090f6e2998507e444b2014905cb90f,org.apache.tika.sax.xpath.XPathParserTest#testNode,True,,1.10-rc1,1.10-rc1
153,153,True,Delta,TIKA-1669,tika-core,761273f9e69c4a7595e50ccd6a2d9304c398d0b1,444dadd5eb090f6e2998507e444b2014905cb90f,org.apache.tika.sax.xpath.XPathParserTest#testDescendantNode,True,,1.10-rc1,1.10-rc1
154,154,True,Delta,TIKA-1669,tika-core,761273f9e69c4a7595e50ccd6a2d9304c398d0b1,444dadd5eb090f6e2998507e444b2014905cb90f,org.apache.tika.sax.xpath.XPathParserTest#testDescendantOrSelfNode,True,,1.10-rc1,1.10-rc1
155,155,True,Delta,TIKA-1669,tika-core,761273f9e69c4a7595e50ccd6a2d9304c398d0b1,444dadd5eb090f6e2998507e444b2014905cb90f,org.apache.tika.sax.xpath.XPathParserTest#testDescendantOrSelfElement,True,,1.10-rc1,1.10-rc1
156,156,True,Regression,TIKA-1673,tika-app,2764fb8606964c3350c781ecf5df4042706b4099,de5a2dec6924ebe01e4bf323a98abd208cf9aa7e,org.apache.tika.cli.TikaCLITest#testJsonRecursiveMetadataParserMetadataOnly,True,,1.10-rc1,1.10-rc1
157,157,True,Regression,TIKA-1673,tika-parsers,2764fb8606964c3350c781ecf5df4042706b4099,de5a2dec6924ebe01e4bf323a98abd208cf9aa7e,org.apache.tika.parser.jdbc.SQLite3ParserTest#testRecursiveParserWrapper,True,,1.10-rc1,1.10-rc1
158,158,True,Regression,TIKA-1673,tika-parsers,2764fb8606964c3350c781ecf5df4042706b4099,de5a2dec6924ebe01e4bf323a98abd208cf9aa7e,org.apache.tika.parser.RecursiveParserWrapperTest#testEmbeddedResourcePath,True,,1.10-rc1,1.10-rc1
159,159,True,Regression,TIKA-1673,tika-example,2764fb8606964c3350c781ecf5df4042706b4099,de5a2dec6924ebe01e4bf323a98abd208cf9aa7e,org.apache.tika.example.TestParsingExample#testRecursiveParserWrapperExample,True,,1.10-rc1,1.10-rc1
160,160,True,Delta,TIKA-1681,tika-parsers,320b2890038dfcb9191ba856c0e84e368851d24e,6029c0d5c4e07ff217fcd43a6c1e81170acf603e,org.apache.tika.parser.microsoft.JackcessParserTest#testReadOnly,True,,1.10-rc1,1.10-rc1
161,161,True,Delta,TIKA-1689,tika-parsers,58a757e0f7295af14bb8051a42d75bb0ccc8cfe6,1ecb5f93b3af6ab23cbf2eaa329fca7ae140f530,org.apache.tika.utils.ServiceLoaderUtilsTest#testOrdering,True,,1.10-rc1,1.10-rc1
162,162,True,Regression,TIKA-1708,tika-parsers,3f784c6708e594956a5a62d9f421eec99a4b5f4a,98b088d6f1cdd44aacabc60346b8b065ae2eb94e,org.apache.tika.config.TikaDetectorConfigTest#testPSTDetectionWithoutZipDetector,True,,1.11-rc1,1.11-rc1
163,163,True,Delta,TIKA-1716,tika-server,24b8c2a918ac599b5aff1265f2e08014de1a2fe0,6c2abfe8325f59fbaba9ea4040b23dc29a85cb29,org.apache.tika.server.RecursiveMetadataResourceTest#testHandlerType,True,,1.11-rc1,1.11-rc1
164,164,True,Delta,TIKA-1716,tika-server,24b8c2a918ac599b5aff1265f2e08014de1a2fe0,6c2abfe8325f59fbaba9ea4040b23dc29a85cb29,org.apache.tika.server.RecursiveMetadataResourceTest#testHandlerTypeInMultipartXML,True,,1.11-rc1,1.11-rc1
165,165,True,Regression,TIKA-1728,tika-parsers,e7a3a49561cc1f9ffa4cd34307005f559dcefe19,3497ea6cae9cca43cb62d0c1ce63713dd50b3c94,org.apache.tika.detect.TestContainerAwareDetector#testDetectOLE2,True,,1.11-rc1,1.11-rc1
166,166,True,Regression,TIKA-1777,tika-parsers,5a7027a1d2a82895b49d4131ef20f3e59e417712,986d9f961028bedc5b39966053084dacab966d86,org.apache.tika.parser.microsoft.PowerPointParserTest#testVarious,True,,1.12-rc1,1.12-rc1
167,167,True,Delta,TIKA-1782,tika-core,f43de5a24b56cdd6a3c5abc3e5a38e2410089d69,63351d11c1778d66826693eb7a97114ab7342e78,org.apache.tika.sax.XHTMLContentHandlerTest#testAttributesOnHtml,True,,1.12-rc1,1.12-rc1
168,168,True,Delta,TIKA-1788,tika-parsers,9653e77d935bb00b7a38be483991e8e185f751ff,18aa69a16f09232413e06d04e921427ff4356cec,org.apache.tika.parser.mail.RFC822ParserTest#testEmbeddedMetadata,True,,1.16,1.16
169,169,True,Regression,TIKA-1788,tika-parsers,18aa69a16f09232413e06d04e921427ff4356cec,ad23d84f88abe6e540e989c988142f1ca0c876a7,org.apache.tika.parser.mail.RFC822ParserTest#testGetAttachmentsAsEmbeddedResources,True,,1.16,1.16
170,170,True,Delta,TIKA-1804,tika-parsers,b290cd79d652741a0c8249f3860583b4169f6455,f718cb9fbb2402745b0da69d1acd3b89a5a12246,org.apache.tika.parser.journal.TEITest#testCurrent,True,,1.15,1.15
171,171,True,Delta,TIKA-1817,tika-parsers,e9718f90513f1a4cde62e79794089bc45b35e4af,efaf482f4e5fb56ea7d9b73f74c57073dd768976,org.apache.tika.mime.TestMimeTypes#testAutoCADDetection,True,,1.12-rc1,1.12-rc1
172,172,True,Delta,TIKA-1837,tika-parsers,16290d86c3a976f7c323b0be6750ad07f4840018,1a04f8056f0140a34641435f4aff21443efa7bbd,org.apache.tika.parser.html.HtmlParserTest#testSkippingCommentsInEncodingDetection,True,,1.13,1.13
173,173,True,Delta,TIKA-1845,tika-server,1e0159b733dc7a8f48ce8943e1f15046c791349a,fabeac95b56b0f430593881b705d9c57842f04a5,org.apache.tika.server.TikaResourceTest#testWMFInRTF,True,,1.12,1.12
174,174,True,Regression,TIKA-1877,tika-parsers,1299c9e494882e011749fb8a4514c40631df03d1,e105088729ef12acbda1fe4e71f462f84d98f981,org.apache.tika.mime.TestMimeTypes#testFitsDetection,True,,1.12,1.12
175,175,True,Delta,TIKA-1877,tika-parsers,e105088729ef12acbda1fe4e71f462f84d98f981,602d237feec48bfd97bc2b2b38ea614b1ae2c55d,org.apache.tika.mime.TestMimeTypes#testNetCDF,True,,1.12,1.12
176,176,True,Regression,TIKA-1877,tika-parsers,602d237feec48bfd97bc2b2b38ea614b1ae2c55d,ed762b702875c843d0322b8ba6d05385ca91875d,org.apache.tika.mime.TestMimeTypes#testFitsDetection,True,,1.12,1.12
177,177,True,Delta,TIKA-1898,tika-parsers,c94236a8365b9ab1491d98c31819a85b065a9fe1,959c9ad2843ed8d21cb3e8c60e5ac614e2f7ab99,org.apache.tika.mime.TestMimeTypes#testMIF,True,,1.12,1.12
178,178,True,Delta,TIKA-1916,tika-parsers,5e170d4373c28a4b520196591c4d94ab8073bfbf,53f29e0e127f05fbce06a56710c370ad3efe9c66,org.apache.tika.parser.odf.ODFParserTest#testMissingMeta,True,,1.12,1.12
179,179,True,Regression,TIKA-1927,tika-parsers,4f22b085b1569d66d711b79751478dfb8448c353,5e170d4373c28a4b520196591c4d94ab8073bfbf,org.apache.tika.parser.jdbc.SQLite3ParserTest#testBasic,True,,1.12,1.12
180,180,True,Delta,TIKA-1927,tika-parsers,4f22b085b1569d66d711b79751478dfb8448c353,5e170d4373c28a4b520196591c4d94ab8073bfbf,org.apache.tika.parser.jdbc.SQLite3ParserTest#testNulls,True,,1.12,1.12
181,181,True,Regression,TIKA-1928,tika-core,b2821d921ac4cfd3be468e8bea9123f5cb627cbf,bc0b1f7f7e0b854a119779fc3f806e0d9490c08a,org.apache.tika.detect.NameDetectorTest#testDetect,True,,1.13,1.13
182,182,True,Delta,TIKA-1938,tika-parsers,b6d23c189e852fa2e41b441c18bfe3e66e3f67c4,19ed2619444af53d1108e1e1243ef8746a165455,org.apache.tika.parser.html.HtmlParserTest#testScriptSrc,True,,1.12,1.12
183,183,True,Delta,TIKA-1970,tika-parsers,89881ce207444a9d53f041bf9a14b5b7d623dca6,74085318373082e3b4662481eb78e62a07726ddc,org.apache.tika.parser.mail.RFC822ParserTest#testMultipleSubjects,True,,1.13,1.13
184,184,True,Delta,TIKA-1970,tika-parsers,09cc658a30ae194323f1e444be73d396544efc6b,e08d00654a77267686a112e0665c324ef041c033,org.apache.tika.parser.mail.RFC822ParserTest#testDates,True,,1.13,1.13
185,185,True,Delta,TIKA-1971,tika-parsers,e08d00654a77267686a112e0665c324ef041c033,bc0b1f7f7e0b854a119779fc3f806e0d9490c08a,org.apache.tika.parser.mail.RFC822ParserTest#testDetection,True,,1.13,1.13
186,186,True,Regression,TIKA-2019,tika-parsers,7ae760e29ad3ed5874f7f50c27c6f850ab1d8025,d6981ad81334eb20174004d7c0d96acd9f1d2f12,org.apache.tika.parser.microsoft.xml.XML2003ParserTest#testBasicWord,True,,1.13,1.13
187,187,True,Regression,TIKA-2019,tika-parsers,7ae760e29ad3ed5874f7f50c27c6f850ab1d8025,d6981ad81334eb20174004d7c0d96acd9f1d2f12,org.apache.tika.parser.microsoft.xml.XML2003ParserTest#testBasicExcel,True,,1.13,1.13
188,188,True,Delta,TIKA-2025,tika-parsers,a383567c2c947603c4c7aa12d3578d771bb58413,952fb54ed78a2fba07db4653cc674f5641211031,org.apache.tika.parser.microsoft.ExcelParserTest#testBigIntegersWGeneralFormat,True,,1.13,1.13
189,189,True,Delta,TIKA-2025,tika-parsers,a383567c2c947603c4c7aa12d3578d771bb58413,952fb54ed78a2fba07db4653cc674f5641211031,org.apache.tika.parser.microsoft.ooxml.OOXMLParserTest#testBigIntegersWGeneralFormat,True,,1.13,1.13
190,190,True,Delta,TIKA-2026,tika-parsers,7cc610e1b3f164fe9de00b1a35e60fd00a69bb46,69d825005fccb94b7ee453fab002eb6e6c734dbc,org.apache.tika.parser.microsoft.PowerPointParserTest#testEmbeddedPDF,True,,1.13,1.13
191,191,True,Delta,TIKA-2026,tika-parsers,7cc610e1b3f164fe9de00b1a35e60fd00a69bb46,69d825005fccb94b7ee453fab002eb6e6c734dbc,org.apache.tika.parser.microsoft.ExcelParserTest#testEmbeddedPDF,True,,1.13,1.13
192,192,True,Delta,TIKA-2026,tika-parsers,7cc610e1b3f164fe9de00b1a35e60fd00a69bb46,69d825005fccb94b7ee453fab002eb6e6c734dbc,org.apache.tika.parser.microsoft.ooxml.OOXMLParserTest#testEmbeddedPDFInPPTX,True,,1.13,1.13
193,193,True,Delta,TIKA-2026,tika-parsers,7cc610e1b3f164fe9de00b1a35e60fd00a69bb46,69d825005fccb94b7ee453fab002eb6e6c734dbc,org.apache.tika.parser.microsoft.ooxml.OOXMLParserTest#testEmbeddedPDFInXLSX,True,,1.13,1.13
194,194,True,Delta,TIKA-2040,tika-parsers,71cb9363c07839e68712edde4626d53aa928cc2a,f5b04b60c472062ab46a0a19eb75d3a39e80fc76,org.apache.tika.parser.chm.TestChmExtractor#testOOMOnCorruptCHM,True,,1.13,1.13
195,195,True,Regression,TIKA-2042,tika-parsers,72d2d88b381ba75942ae791042ef54af33ee1f38,f00ab040dd4e046de9c425b2d748c8de306f210b,org.apache.tika.mime.TestMimeTypes#testEmail,True,,1.13,1.13
196,196,True,Regression,TIKA-2047,tika-parsers,415381212291e843e9091f43f6db8c432eb02aa9,cc6f6dcc8fed2826ae8093b7a4aed0ddee74dc40,org.apache.tika.parser.txt.TXTParserTest#testUsingCharsetInContentTypeHeader,True,,1.13,1.13
197,197,True,Regression,TIKA-2047,tika-parsers,415381212291e843e9091f43f6db8c432eb02aa9,cc6f6dcc8fed2826ae8093b7a4aed0ddee74dc40,org.apache.tika.parser.txt.TXTParserTest#testCharsetDetectionWithShortSnipet,True,,1.13,1.13
198,198,True,Regression,TIKA-2048,tika-parsers,85e53850026aadce49bc99c1ef2de9d5c7be0451,71cb9363c07839e68712edde4626d53aa928cc2a,org.apache.tika.parser.microsoft.xml.XML2003ParserTest#testBasicWord,True,,1.13,1.13
199,199,True,Delta,TIKA-2055,tika-parsers,27b9cf566da9772961b2fac3c2aa6cc1648ab2a5,80efc84b675c8defa5e86b01b85e1dabc84d32f5,org.apache.tika.parser.microsoft.ooxml.OOXMLParserTest#testLongForIntExceptionInSummaryDetails,True,,1.13,1.13
200,200,True,Delta,TIKA-2064,tika-parsers,2222fe0ce2e1db633bdcf49bd7b24941374f2033,3c0abc8ebebbaa54a716fbcd15eaf8057343842f,org.apache.tika.mime.TestMimeTypes#testStataDTA,True,,1.13,1.13
201,201,True,Regression,TIKA-2078,tika-parsers,80efc84b675c8defa5e86b01b85e1dabc84d32f5,52be682634f3c07e237f7f73b28e94c048563d5b,org.apache.tika.parser.microsoft.WordParserTest#testControlCharacter,True,,1.13,1.13
202,202,True,Delta,TIKA-2078,tika-parsers,80efc84b675c8defa5e86b01b85e1dabc84d32f5,52be682634f3c07e237f7f73b28e94c048563d5b,org.apache.tika.parser.microsoft.WordParserTest#testBoldHyperlink,True,,1.13,1.13
203,203,True,Delta,TIKA-2078,tika-parsers,80efc84b675c8defa5e86b01b85e1dabc84d32f5,52be682634f3c07e237f7f73b28e94c048563d5b,org.apache.tika.parser.microsoft.ooxml.OOXMLParserTest#testBoldHyperlink,True,,1.13,1.13
204,204,True,Regression,TIKA-2089,tika-parsers,95c515db2f303db049c79a7bd0c260ec559186b1,7fd5bd743ab5a242e9c3225f5af6b48235a18455,org.apache.tika.parser.microsoft.PowerPointParserTest#testMacros,True,,1.15,1.15
205,205,True,Delta,TIKA-2100,tika-parsers,7536ed91afd9a3fe744464e34f95f3108c6bd5a2,e24e6afb1c2a37be266839767115ad6adc5f8dcf,org.apache.tika.parser.html.HtmlParserTest#testHtmlLanguage,True,,1.17,1.17
206,206,True,Regression,TIKA-2111,tika-parsers,15a92302501d5ee6a319442c8109eafe37ec4595,011f33807e7e794c2c06154774ec167b818930f2,org.apache.tika.parser.executable.ExecutableParserTest#testWin32Parser,True,,1.14,1.14
